id,Location,return_date,start_ date,FF2,item_description,quantity,cost_amount
331,2790_1518 INT J & S BATHROOM (STG),2011/6/24,2011/5/24,LP,SONICARE TOOTHBRUSH_TARGET,3,129.99
332,2790_1518 INT J & S BATHROOM (STG),2011/6/24,2011/5/24,TAX,SONICARE TOOTHBRUSH_TARGET,0,11.37
333,2790_1518 INT J & S BATHROOM (STG),2011/6/24,2011/5/24,LP,NINJA BLENDER_TARGET,1,99.99
334,2790_1518 INT J & S BATHROOM (STG),2011/6/24,2011/5/24,TAX,NINJA BLENDER_TARGET,0,8.75
6,2790_1505 INT METRO POLICE STATION,2011/4/20,2011/3/30,LP,SWOOPER CHAIR_DKI FURNITURE,1,340
7,2790_1505 INT METRO POLICE STATION,2011/3/30,2011/3/30,TAX,SWOOPER CHAIR_DKI FURNITURE,0,29.75
8,2790_1505 INT METRO POLICE STATION,2011/3/30,2011/3/30,LP,EXEC H/B CHAIR_DKI FURNITURE,1,599
9,2790_1505 INT METRO POLICE STATION,2011/3/30,2011/3/30,TAX,EXEC H/B CHAIR_DKI FURNITURE,0,52.42
10,2790_1505 INT METRO POLICE STATION,2011/3/30,2011/3/30,LP,15 DESK LAMPS_DKI FURNITURE,5,1380
11,2790_1505 INT METRO POLICE STATION,2011/3/30,2011/3/30,TAX,15 DESK LAMPS_DKI FURNITURE,0,120.75
12,2790_1505 INT METRO POLICE STATION,2011/5/11,2011/4/11,LP,6X LATERAL FILE CBNTS,2,1500
13,2790_1505 INT METRO POLICE STATION,2011/5/11,2011/4/11,TAX,6X LATERAL FILE CBNTS,0,135
14,2790_1505 INT METRO POLICE STATION,2011/5/11,2011/4/11,LP,SOFA SET,1,200
15,2790_1505 INT METRO POLICE STATION,2011/5/11,2011/4/11,TAX,SOFA SET,0,18
16,2790_1505 INT METRO POLICE STATION,2011/5/11,2011/4/11,LP,4X WOOD RECESSED DESKS,5,400
17,2790_1505 INT METRO POLICE STATION,2011/5/11,2011/4/11,TAX,4X WOOD RECESSED DESKS,0,36
18,2790_1505 INT METRO POLICE STATION,2011/5/11,2011/4/11,LP,2X CREDENZAS,16,200
19,2790_1505 INT METRO POLICE STATION,2011/5/11,2011/4/11,TAX,2X CREDENZAS,0,18
20,2790_1505 INT METRO POLICE STATION,2011/5/11,2011/4/11,LP,GAME TABLE,1,100
21,2790_1505 INT METRO POLICE STATION,2011/5/11,2011/4/11,TAX,GAME TABLE,0,9
22,2790_1505 INT METRO POLICE STATION,2011/5/11,2011/4/11,LP,PING PONG TABLE,1,200
23,2790_1505 INT METRO POLICE STATION,2011/5/11,2011/4/11,TAX,PING PONG TABLE,0,18
24,2790_1505 INT METRO POLICE STATION,2011/5/11,2011/4/11,LP,STATE DESK 36X72,1,100
25,2790_1505 INT METRO POLICE STATION,2011/5/11,2011/4/11,TAX,STATE DESK 36X72,0,9
26,2790_1505 INT METRO POLICE STATION,2011/4/22,2011/4/21,XX,3X ALABASTER MINI BLINDS 57X72,1,540
27,2790_1505 INT METRO POLICE STATION,2011/4/22,2011/4/21,XX,ALABASTER MINI BLINDS 44.5X72,1,145
28,2790_1505 INT METRO POLICE STATION,2011/4/22,2011/4/21,XX,8X 1 MINI BLIND ALMOND 36X69,1,1016
29,2790_1505 INT METRO POLICE STATION,2011/4/22,2011/4/21,XX,2X 1 MINI BLIND ALMOND 18X69,1,190
30,2790_1505 INT METRO POLICE STATION,2011/4/22,2011/4/21,XX,1 MINI BLIND ALMOND 25.5X69,1,100
31,2790_1505 INT METRO POLICE STATION,2011/4/22,2011/4/21,XX,1 MINI BLIND ALMOND 22.25X69,1,95
32,2790_1505 INT METRO POLICE STATION,2011/5/15,2011/4/28,LP,FRIDGE BRIDGE HOUSE,1,199.97
33,2790_1505 INT METRO POLICE STATION,2011/5/15,2011/4/28,TAX,FRIDGE BRIDGE HOUSE,0,17.5
34,2790_1505 INT METRO POLICE STATION,2011/5/15,2011/4/28,XX,GETTY IMAGE_PORTRAIT SENIOR MA,1,350
35,2790_1505 INT METRO POLICE STATION,2011/5/15,2011/4/28,LP,DUMBBELL SET_SPORTS AUTHORITY,10,349.99
36,2790_1505 INT METRO POLICE STATION,2011/5/15,2011/4/28,TAX,DUMBBELL SET_SPORTS AUTHORITY,0,30.62
37,2790_1505 INT METRO POLICE STATION,2011/5/15,2011/5/5,XX,2X MINI BLINDS,4,240
38,2790_1505 INT METRO POLICE STATION,2011/5/20,2011/5/10,XX,EAGLE/AMER FLAG STATUE,0,114.34
39,2790_1505 INT METRO POLICE STATION,2011/5/22,2011/5/12,LP,10X 19 LG LCD DISPLAYS_BESTBU,40,1668.3
40,2790_1505 INT METRO POLICE STATION,2011/5/22,2011/5/12,TAX,10X 19 LG LCD DISPLAYS_BESTBU,0,150.15
50,2790_1506 EXT METRO POLICE STATION,2011/5/7,2011/4/7,LP,2X FLAGPOLE BRAD&DELLWN,1,359.98
51,2790_1506 EXT METRO POLICE STATION,2011/5/7,2011/4/7,TAX,2X FLAGPOLE BRAD&DELLWN,0,32.4
52,2790_1506 EXT METRO POLICE STATION,2011/5/15,2011/5/5,LP,WET LOCATION FIXTURE GRAINGER,1,120.15
53,2790_1506 EXT METRO POLICE STATION,2011/5/15,2011/5/5,TAX,WET LOCATION FIXTURE GRAINGER,0,10.82
54,2790_1506 EXT METRO POLICE STATION,2011/5/15,2011/5/5,LP,6X WET LOCATION FIXTURES GRNGR,12,720.9
55,2790_1506 EXT METRO POLICE STATION,2011/5/15,2011/5/5,TAX,6X WET LOCATION FIXTURES GRNGR,0,64.89
145,2790_1512 INT SAUSALITO ARMS APT (STG),2011/4/29,2011/4/14,LP,DVD THE PATRIOT BLOCKBUSTER,1,4.99
146,2790_1512 INT SAUSALITO ARMS APT (STG),2011/4/29,2011/4/14,TAX,DVD THE PATRIOT BLOCKBUSTER,0,0.45
147,2790_1512 INT SAUSALITO ARMS APT (STG),2011/4/29,2011/4/14,LP,DVD UP IN THE AIR BLOCKBSTER,1,4.95
148,2790_1512 INT SAUSALITO ARMS APT (STG),2011/4/29,2011/4/14,TAX,DVD UP IN THE AIR BLOCKBSTER,0,0.44
149,2790_1512 INT SAUSALITO ARMS APT (STG),2011/4/29,2011/4/14,LP,DVD THREE KINGS BLOCKBUSTER,5,4.99
150,2790_1512 INT SAUSALITO ARMS APT (STG),2011/4/29,2011/4/14,TAX,DVD THREE KINGS BLOCKBUSTER,0,0.45
151,2790_1512 INT SAUSALITO ARMS APT (STG),2011/4/29,2011/4/14,LP,DVD SHELTERING SKY BLKBSTER,1,3.99
152,2790_1512 INT SAUSALITO ARMS APT (STG),2011/4/29,2011/4/14,TAX,DVD SHELTERING SKY BLKBSTER,0,0.36
153,2790_1512 INT SAUSALITO ARMS APT (STG),2011/4/29,2011/4/14,LP,DVD PINK PANTHER BLOCKBUSTER,2,3
154,2790_1512 INT SAUSALITO ARMS APT (STG),2011/4/29,2011/4/14,TAX,DVD PINK PANTHER BLOCKBUSTER,0,0.27
155,2790_1512 INT SAUSALITO ARMS APT (STG),2011/4/29,2011/4/14,LP,DVD IS ANYBODY THERE BLKBSTR,3,4.99
156,2790_1512 INT SAUSALITO ARMS APT (STG),2011/4/29,2011/4/14,TAX,DVD IS ANYBODY THERE BLKBSTR,0,0.45
157,2790_1512 INT SAUSALITO ARMS APT (STG),2011/4/29,2011/4/14,LP,DVD DID U HR ABT THE MORGANS,1,4.99
158,2790_1512 INT SAUSALITO ARMS APT (STG),2011/4/29,2011/4/14,TAX,DVD DID U HR ABT THE MORGANS,0,0.45
159,2790_1512 INT SAUSALITO ARMS APT (STG),2011/4/29,2011/4/14,LP,DVD GHOST WRITER BLKBSTR,1,4.99
160,2790_1512 INT SAUSALITO ARMS APT (STG),2011/4/29,2011/4/14,TAX,DVD GHOST WRITER BLKBSTR,0,0.45
161,2790_1512 INT SAUSALITO ARMS APT (STG),2011/4/29,2011/4/14,LP,DVD INVICTUS BLOCKBUSTER,1,4.95
162,2790_1512 INT SAUSALITO ARMS APT (STG),2011/4/29,2011/4/14,TAX,DVD INVICTUS BLOCKBUSTER,0,0.44
163,2790_1512 INT SAUSALITO ARMS APT (STG),2011/4/29,2011/4/14,LP,DVD INFORMANT BLOCKBUSTER,1,4.99
164,2790_1512 INT SAUSALITO ARMS APT (STG),2011/4/29,2011/4/14,TAX,DVD INFORMANT BLOCKBUSTER,0,0.45
165,2790_1512 INT SAUSALITO ARMS APT (STG),2011/4/29,2011/4/14,LP,DVD LAST CHANCE HARVEY,1,4.99
166,2790_1512 INT SAUSALITO ARMS APT (STG),2011/4/29,2011/4/14,TAX,DVD LAST CHANCE HARVEY,0,0.45
167,2790_1512 INT SAUSALITO ARMS APT (STG),2011/4/29,2011/4/14,LP,DVD THE MISSING BLOCKBUSTER,1,4.95
168,2790_1512 INT SAUSALITO ARMS APT (STG),2011/4/29,2011/4/14,TAX,DVD THE MISSING BLOCKBUSTER,0,0.45
169,2790_1512 INT SAUSALITO ARMS APT (STG),2011/4/29,2011/4/14,LP,DVD ROCKY BALBOA BLKBUSTER,1,4.99
170,2790_1512 INT SAUSALITO ARMS APT (STG),2011/4/29,2011/4/14,TAX,DVD ROCKY BALBOA BLKBUSTER,0,0.45
171,2790_1512 INT SAUSALITO ARMS APT (STG),2011/4/29,2011/4/14,LP,DVD MICHAEL CLAYTON BLKBSTER,1,4.99
172,2790_1512 INT SAUSALITO ARMS APT (STG),2011/4/29,2011/4/14,TAX,DVD MICHAEL CLAYTON BLKBSTER,0,0.45
173,2790_1512 INT SAUSALITO ARMS APT (STG),2011/4/29,2011/4/14,LP,DVD AMELIA BLOCKBUSTER,1,4.99
174,2790_1512 INT SAUSALITO ARMS APT (STG),2011/4/29,2011/4/14,TAX,DVD AMELIA BLOCKBUSTER,0,0.45
175,2790_1512 INT SAUSALITO ARMS APT (STG),2011/4/29,2011/4/14,LP,DVD 21 BLOCKBUSTER,1,4.99
176,2790_1512 INT SAUSALITO ARMS APT (STG),2011/4/29,2011/4/14,TAX,DVD 21 BLOCKBUSTER,0,0.45
177,2790_1512 INT SAUSALITO ARMS APT (STG),2011/4/29,2011/4/14,LP,5_SHLF OAK BKCASE SLVTN ARMY,1,104.99
178,2790_1512 INT SAUSALITO ARMS APT (STG),2011/4/29,2011/4/14,TAX,5_SHLF OAK BKCASE SLVTN ARMY,0,9.19
179,2790_1512 INT SAUSALITO ARMS APT (STG),2011/4/29,2011/4/14,LP,GLSS/WOOD CREDENZA SLVTN ARMY,1,139.99
180,2790_1512 INT SAUSALITO ARMS APT (STG),2011/4/29,2011/4/14,TAX,GLSS/WOOD CREDENZA SLVTN ARMY,0,12.25
181,2790_1512 INT SAUSALITO ARMS APT (STG),2011/4/29,2011/4/14,LP,IVORY SOFA SALVATION ARMY,1,179.99
182,2790_1512 INT SAUSALITO ARMS APT (STG),2011/4/29,2011/4/14,TAX,IVORY SOFA SALVATION ARMY,0,15.75
183,2790_1512 INT SAUSALITO ARMS APT (STG),2011/4/29,2011/4/14,LP,FRMCA TBL/4X CHAIRS SLVTN ARMY,2,149.99
184,2790_1512 INT SAUSALITO ARMS APT (STG),2011/4/29,2011/4/14,TAX,FRMCA TBL/4X CHAIRS SLVTN ARMY,0,13.12
185,2790_1512 INT SAUSALITO ARMS APT (STG),2011/4/29,2011/4/14,LP,WOOD TBL/4X CHAIRS SLVTN ARMY,2,324.99
186,2790_1512 INT SAUSALITO ARMS APT (STG),2011/4/29,2011/4/14,TAX,WOOD TBL/4X CHAIRS SLVTN ARMY,0,28.43
187,2790_1512 INT SAUSALITO ARMS APT (STG),2011/4/29,2011/4/14,LP,SHERBERT CHAIR SALVATION ARMY,3,129.99
188,2790_1512 INT SAUSALITO ARMS APT (STG),2011/4/29,2011/4/14,TAX,SHERBERT CHAIR SALVATION ARMY,0,11.37
189,2790_1512 INT SAUSALITO ARMS APT (STG),2011/4/29,2011/4/14,LP,LOW WOOD DRESSER SLVTN ARMY,1,169.99
190,2790_1512 INT SAUSALITO ARMS APT (STG),2011/4/29,2011/4/14,TAX,LOW WOOD DRESSER SLVTN ARMY,0,14.87
191,2790_1512 INT SAUSALITO ARMS APT (STG),2011/4/29,2011/4/14,LP,ELECTRIC PIANO SALVATION ARMY,1,199.99
192,2790_1512 INT SAUSALITO ARMS APT (STG),2011/4/29,2011/4/14,TAX,ELECTRIC PIANO SALVATION ARMY,0,5.99
193,2790_1512 INT SAUSALITO ARMS APT (STG),2011/4/20,2011/4/19,LP,HEADBOARD/FRAME SLVTN ARMY,1,199.99
194,2790_1512 INT SAUSALITO ARMS APT (STG),2011/4/20,2011/4/19,TAX,HEADBOARD/FRAME SLVTN ARMY,0,17.5
195,2790_1512 INT SAUSALITO ARMS APT (STG),2011/5/15,2011/5/10,LP,TV CAB W/GLS DRS SALV ARMY,1,139.99
196,2790_1512 INT SAUSALITO ARMS APT (STG),2011/5/15,2011/5/10,TAX,TV CAB W/GLS DRS SALV ARMY,0,12.25
197,2790_1512 INT SAUSALITO ARMS APT (STG),2011/5/15,2011/5/10,LP,DNNR TBL W/CHAIRS SALV ARMY,1,149.99
198,2790_1512 INT SAUSALITO ARMS APT (STG),2011/5/15,2011/5/10,TAX,DNNR TBL W/CHAIRS SALV ARMY,0,13.12
199,2790_1512 INT SAUSALITO ARMS APT (STG),2011/5/15,2011/5/10,LP,WOOD FRM SOFA SALV ARMY,2,159.99
200,2790_1512 INT SAUSALITO ARMS APT (STG),2011/5/15,2011/5/10,TAX,WOOD FRM SOFA SALV ARMY,0,14
201,2790_1512 INT SAUSALITO ARMS APT (STG),2011/5/15,2011/5/10,LP,BLONDE COMP DSK SALV ARMY,2,99.99
202,2790_1512 INT SAUSALITO ARMS APT (STG),2011/5/15,2011/5/10,TAX,BLONDE COMP DSK SALV ARMY,0,8.75
335,2790_1520 INT MOLLYINCHS ROOM,2011/6/12,2011/5/12,LP,WOOD CHEST OF DRAWERS_COMPASS,1,225
336,2790_1520 INT MOLLYINCHS ROOM,2011/6/12,2011/5/12,TAX,WOOD CHEST OF DRAWERS_COMPASS,0,19.69
337,2790_1520 INT MOLLYINCHS ROOM,2011/6/12,2011/5/12,LP,SLATED WOOD HEAD/FOOTBRD_COMPA,1,190
338,2790_1520 INT MOLLYINCHS ROOM,2011/6/12,2011/5/12,TAX,SLATED WOOD HEAD/FOOTBRD_COMPA,0,16.63
339,2790_1520 INT MOLLYINCHS ROOM,2011/6/12,2011/5/12,LP,LAMP_SAILBOAT_COMPASS,1,95
340,2790_1520 INT MOLLYINCHS ROOM,2011/6/12,2011/5/12,TAX,LAMP_SAILBOAT_COMPASS,0,8.31
341,2790_1520 INT MOLLYINCHS ROOM,2011/6/12,2011/5/12,LP,LAMP/TOY/CLOTHES RACK,1,124
342,2790_1520 INT MOLLYINCHS ROOM,2011/6/12,2011/5/12,TAX,LAMP/TOY/CLOTHES RACK,0,11.39
343,2790_1520 INT MOLLYINCHS ROOM,2011/6/24,2011/5/24,LP,3INCH SQUARE MODRN ART_REN INTERI,1,95
344,2790_1520 INT MOLLYINCHS ROOM,2011/6/24,2011/5/24,TAX,3INCH SQUARE MODRN ART_REN INTERI,0,8.31
345,2790_1520 INT MOLLYINCHS ROOM,2011/6/24,2011/5/24,LP,VINTAGE STRAW HAT_REN INTERIOR,1,395
346,2790_1520 INT MOLLYINCHS ROOM,2011/6/24,2011/5/24,TAX,VINTAGE STRAW HAT_REN INTERIOR,0,34.56
347,2790_1520 INT MOLLYINCHS ROOM,2011/6/24,2011/5/24,LP,ITALIAN BOWL_REN INTERIORS,10,375
348,2790_1520 INT MOLLYINCHS ROOM,2011/6/24,2011/5/24,TAX,ITALIAN BOWL_REN INTERIORS,0,32.81
349,2790_1520 INT MOLLYINCHS ROOM,2011/7/2,2011/6/2,LP,CD ED SHARPE&MAG ZERO_B.BUY,3,12.99
350,2790_1520 INT MOLLYINCHS ROOM,2011/7/2,2011/6/2,TAX,CD ED SHARPE&MAG ZERO_B.BUY,0,1.14
351,2790_1520 INT MOLLYINCHS ROOM,2011/7/2,2011/6/2,LP,SHELF SALV ARMY,1,99.99
352,2790_1520 INT MOLLYINCHS ROOM,2011/7/2,2011/6/2,TAX,SHELF SALV ARMY,0,8.75
353,2790_1520 INT MOLLYINCHS ROOM,2011/7/8,2011/6/8,LP,SONIC CARE TOOTHBRUSH_BB&B,20,139.99
354,2790_1520 INT MOLLYINCHS ROOM,2011/7/8,2011/6/8,TAX,SONIC CARE TOOTHBRUSH_BB&B,0,12.25
355,2790_1520 INT MOLLYINCHS ROOM,2011/7/8,2011/6/8,LP,QN COMFORTER_BB&B,6,139.99
356,2790_1520 INT MOLLYINCHS ROOM,2011/7/8,2011/6/8,TAX,QN COMFORTER_BB&B,0,12.25
357,2790_1520 INT MOLLYINCHS ROOM,2011/7/8,2011/6/8,LP,SM BRN SIDE TBL_PIER 1,1,99.98
358,2790_1520 INT MOLLYINCHS ROOM,2011/7/8,2011/6/8,TAX,SM BRN SIDE TBL_PIER 1,0,8.75
359,2790_1520 INT MOLLYINCHS ROOM,2011/7/8,2011/6/8,LP,BRN RND OCCASIONAL TBL_PIER 1,1,129.95
360,2790_1520 INT MOLLYINCHS ROOM,2011/7/8,2011/6/8,TAX,BRN RND OCCASIONAL TBL_PIER 1,0,11.37
361,2790_1520 INT MOLLYINCHS ROOM,2011/7/8,2011/6/8,LP,BLK/WHT ACCENT CHR_OFFICEMAX,15,99.99
362,2790_1520 INT MOLLYINCHS ROOM,2011/7/8,2011/6/8,TAX,BLK/WHT ACCENT CHR_OFFICEMAX,0,8.75
363,2790_1520 INT MOLLYINCHS ROOM,2011/7/8,2011/6/8,LP,JEWEL MIRROR_PIER 1,4,149.95
364,2790_1520 INT MOLLYINCHS ROOM,2011/7/8,2011/6/8,LP,JEWEL MIRROR_PIER 1,0,13.5
365,2790_1520 INT MOLLYINCHS ROOM,2011/7/8,2011/6/8,LP,LRG RATTAN LAMP_PIER 1,17,99
366,2790_1520 INT MOLLYINCHS ROOM,2011/7/8,2011/6/8,TAX,LRG RATTAN LAMP_PIER 1,0,8.91
367,2790_1520 INT MOLLYINCHS ROOM,2011/7/8,2011/6/8,LP,TALL BOOKSHELF_PIER 1,15,143.96
368,2790_1520 INT MOLLYINCHS ROOM,2011/7/8,2011/6/8,TAX,TALL BOOKSHELF_PIER 1,0,12.95
369,2790_1520 INT MOLLYINCHS ROOM,2011/7/8,2011/6/8,LP,7X9 GRN FLORENTINE DISH_MIGNON,30,120
370,2790_1520 INT MOLLYINCHS ROOM,2011/7/8,2011/6/8,TAX,7X9 GRN FLORENTINE DISH_MIGNON,0,10.8
371,2790_1520 INT MOLLYINCHS ROOM,2011/7/10,2011/6/10,LP,1X QN PAISLY FLRL QLT_BB&B,5,129.99
372,2790_1520 INT MOLLYINCHS ROOM,2011/7/10,2011/6/10,TAX,1X QN PAISLY FLRL QLT_BB&B,0,11.37
373,2790_1520 INT MOLLYINCHS ROOM,2011/7/10,2011/6/10,LP,ANYA QUEEN QUILT_ANTHROPOLOGIE,2,139.95
374,2790_1520 INT MOLLYINCHS ROOM,2011/7/10,2011/6/10,TAX,ANYA QUEEN QUILT_ANTHROPOLOGIE,0,12.6
375,2790_1520 INT MOLLYINCHS ROOM,2011/7/14,2011/6/14,LP,BK STEPMOTHER B&N,1,5.38
376,2790_1520 INT MOLLYINCHS ROOM,2011/7/14,2011/6/14,TAX,BK STEPMOTHER B&N,0,0.47
377,2790_1520 INT MOLLYINCHS ROOM,2011/7/14,2011/6/14,LP,BK VIEW FRM THE BRIDGE B&N,5,5.38
378,2790_1520 INT MOLLYINCHS ROOM,2011/7/14,2011/6/14,TAX,BK VIEW FRM THE BRIDGE B&N,0,0.47
379,2790_1520 INT MOLLYINCHS ROOM,2011/7/14,2011/6/14,LP,BK LAUGHTER OF DEAD KINGS B&,1,5.38
380,2790_1520 INT MOLLYINCHS ROOM,2011/7/14,2011/6/14,TAX,BK LAUGHTER OF DEAD KINGS B&,0,0.47
381,2790_1520 INT MOLLYINCHS ROOM,2011/7/14,2011/6/14,LP,BK PROMISED WORLD B&N,1,5.38
382,2790_1520 INT MOLLYINCHS ROOM,2011/7/14,2011/6/14,TAX,BK PROMISED WORLD B&N,0,0.47
383,2790_1520 INT MOLLYINCHS ROOM,2011/7/14,2011/6/14,LP,BK THIRD WORLD B&N,1,6.28
384,2790_1520 INT MOLLYINCHS ROOM,2011/7/14,2011/6/14,TAX,BK THIRD WORLD B&N,0,0.55
385,2790_1520 INT MOLLYINCHS ROOM,2011/7/14,2011/6/14,LP,BK LAST LION  THE FALL AND..,1,6.28
386,2790_1520 INT MOLLYINCHS ROOM,2011/7/14,2011/6/14,TAX,BK LAST LION  THE FALL AND..,0,0.55
387,2790_1520 INT MOLLYINCHS ROOM,2011/7/14,2011/6/14,LP,BK BETRAYLA GAME B&N,1,5.38
388,2790_1520 INT MOLLYINCHS ROOM,2011/7/14,2011/6/14,TAX,BK BETRAYLA GAME B&N,0,0.47
389,2790_1520 INT MOLLYINCHS ROOM,2011/7/14,2011/6/14,LP,BK HIT HARD  A STORY OF HIT..,5,5.38
390,2790_1520 INT MOLLYINCHS ROOM,2011/7/14,2011/6/14,TAX,BK HIT HARD  A STORY OF HIT..,0,0.47
391,2790_1520 INT MOLLYINCHS ROOM,2011/7/14,2011/6/14,LP,BK GIVEN DAY B&N,1,6.28
392,2790_1520 INT MOLLYINCHS ROOM,2011/7/14,2011/6/14,TAX,BK GIVEN DAY B&N,0,0.55
393,2790_1520 INT MOLLYINCHS ROOM,2011/7/14,2011/6/14,LP,BK ADMISSION B&N,1,5.38
394,2790_1520 INT MOLLYINCHS ROOM,2011/7/14,2011/6/14,TAX,BK ADMISSION B&N,0,0.47
395,2790_1520 INT MOLLYINCHS ROOM,2011/7/14,2011/6/14,LP,BK BEDWETTER  STORIES OF CO..,1,7.18
396,2790_1520 INT MOLLYINCHS ROOM,2011/7/14,2011/6/14,TAX,BK BEDWETTER  STORIES OF CO..,0,0.63
397,2790_1520 INT MOLLYINCHS ROOM,2011/7/14,2011/6/14,LP,BK LEGEND OF SIGURD AND GUD..,1,5.38
398,2790_1520 INT MOLLYINCHS ROOM,2011/7/14,2011/6/14,TAX,BK LEGEND OF SIGURD AND GUD..,0,0.47
399,2790_1520 INT MOLLYINCHS ROOM,2011/7/14,2011/6/14,LP,BK BIG LITTLE LIFE  A MEMOIR,1,5.38
400,2790_1520 INT MOLLYINCHS ROOM,2011/7/14,2011/6/14,TAX,BK BIG LITTLE LIFE  A MEMOIR,0,0.47
401,2790_1520 INT MOLLYINCHS ROOM,2011/7/14,2011/6/14,LP,BK CATHERINE THE GREAT B&N,1,7.18
402,2790_1520 INT MOLLYINCHS ROOM,2011/7/14,2011/6/14,TAX,BK CATHERINE THE GREAT B&N,0,0.63
403,2790_1520 INT MOLLYINCHS ROOM,2011/7/14,2011/6/14,LP,BK PERFUMES B&N,150,5.38
404,2790_1520 INT MOLLYINCHS ROOM,2011/7/14,2011/6/14,TAX,BK PERFUMES B&N,1,0.47
405,2790_1520 INT MOLLYINCHS ROOM,2011/7/14,2011/6/14,LP,BK CORALINE B&N,5,5.38
406,2790_1520 INT MOLLYINCHS ROOM,2011/7/14,2011/6/14,TAX,BK CORALINE B&N,0,0.47
407,2790_1520 INT MOLLYINCHS ROOM,2011/7/14,2011/6/14,LP,BK CALLED OUT OF DARKNESS..,1,5.38
408,2790_1520 INT MOLLYINCHS ROOM,2011/7/14,2011/6/14,TAX,BK CALLED OUT OF DARKNESS..,0,0.47
409,2790_1520 INT MOLLYINCHS ROOM,2011/7/14,2011/6/14,LP,BK SECRET SPEECH B&N,1,5.38
410,2790_1520 INT MOLLYINCHS ROOM,2011/7/14,2011/6/14,TAX,BK SECRET SPEECH B&N,0,0.47
411,2790_1520 INT MOLLYINCHS ROOM,2011/7/14,2011/6/14,LP,BK TEARS IN THE DARKNESS.. B,1,6.28
412,2790_1520 INT MOLLYINCHS ROOM,2011/7/14,2011/6/14,TAX,BK TEARS IN THE DARKNESS.. B,0,0.55
413,2790_1520 INT MOLLYINCHS ROOM,2011/7/14,2011/6/14,LP,BK GATES B&N,1,5.38
414,2790_1520 INT MOLLYINCHS ROOM,2011/7/14,2011/6/14,TAX,BK GATES B&N,0,0.47
415,2790_1520 INT MOLLYINCHS ROOM,2011/7/14,2011/6/14,LP,BK DANGEROUSLY FUNNY  THE..,1,5.38
416,2790_1520 INT MOLLYINCHS ROOM,2011/7/14,2011/6/14,TAX,BK DANGEROUSLY FUNNY  THE..,0,0.47
417,2790_1520 INT MOLLYINCHS ROOM,2011/7/14,2011/6/14,LP,BK FINGER LICKININCH FIFTEEN B&,1,6.28
418,2790_1520 INT MOLLYINCHS ROOM,2011/7/14,2011/6/14,TAX,BK FINGER LICKININCH FIFTEEN B&,0,0.55
419,2790_1520 INT MOLLYINCHS ROOM,2011/7/14,2011/6/14,LP,BK WHO WERE TEH CELTS? B&N,1,7.18
420,2790_1520 INT MOLLYINCHS ROOM,2011/7/14,2011/6/14,TAX,BK WHO WERE TEH CELTS? B&N,0,0.63
421,2790_1520 INT MOLLYINCHS ROOM,2011/7/14,2011/6/14,LP,BK RHINO RANCH B&N,1,5.38
422,2790_1520 INT MOLLYINCHS ROOM,2011/7/14,2011/6/14,TAX,BK RHINO RANCH B&N,0,0.47
423,2790_1520 INT MOLLYINCHS ROOM,2011/7/14,2011/6/14,LP,BK ANIMALS MAKE US HUMAN B&N,1,5.38
424,2790_1520 INT MOLLYINCHS ROOM,2011/7/14,2011/6/14,TAX,BK ANIMALS MAKE US HUMAN B&N,0,0.47
425,2790_1520 INT MOLLYINCHS ROOM,2011/7/14,2011/6/14,LP,BK PLEA OF INSANITY B&N,1,5.38
426,2790_1520 INT MOLLYINCHS ROOM,2011/7/14,2011/6/14,TAX,BK PLEA OF INSANITY B&N,0,0.47
427,2790_1520 INT MOLLYINCHS ROOM,2011/7/14,2011/6/14,LP,BK SCANDAL OF THE SEASON B&N,1,4.48
428,2790_1520 INT MOLLYINCHS ROOM,2011/7/14,2011/6/14,TAX,BK SCANDAL OF THE SEASON B&N,0,0.39
429,2790_1520 INT MOLLYINCHS ROOM,2011/7/14,2011/6/14,LP,BK INTELLECTUAL DEVOTIONAL B,1,5.38
430,2790_1520 INT MOLLYINCHS ROOM,2011/7/14,2011/6/14,TAX,BK INTELLECTUAL DEVOTIONAL B,0,0.47
431,2790_1520 INT MOLLYINCHS ROOM,2011/7/14,2011/6/14,LP,BK JULIET NAKED B&N,1,5.38
432,2790_1520 INT MOLLYINCHS ROOM,2011/7/14,2011/6/14,TAX,BK JULIET NAKED B&N,0,0.47
433,2790_1520 INT MOLLYINCHS ROOM,2011/7/14,2011/6/14,LP,BK FLAW IN THE BLOOD BN,1,5.38
434,2790_1520 INT MOLLYINCHS ROOM,2011/7/14,2011/6/14,TAX,BK FLAW IN THE BLOOD BN,0,0.47
435,2790_1520 INT MOLLYINCHS ROOM,2011/7/14,2011/6/14,LP,BK MOMMYWOOD B&N,1,5.38
436,2790_1520 INT MOLLYINCHS ROOM,2011/7/14,2011/6/14,TAX,BK MOMMYWOOD B&N,0,0.47
437,2790_1520 INT MOLLYINCHS ROOM,2011/7/14,2011/6/14,LP,BK FIXER UPPER B&N,1,5.38
438,2790_1520 INT MOLLYINCHS ROOM,2011/7/14,2011/6/14,TAX,BK FIXER UPPER B&N,0,0.47
439,2790_1520 INT MOLLYINCHS ROOM,2011/7/14,2011/6/14,LP,BK BONE CROSSED B&N,1,5.38
440,2790_1520 INT MOLLYINCHS ROOM,2011/7/14,2011/6/14,TAX,BK BONE CROSSED B&N,0,0.47
441,2790_1520 INT MOLLYINCHS ROOM,2011/7/14,2011/6/14,LP,BK DRACULA  THE UN_DEAD B&N,2,6.28
442,2790_1520 INT MOLLYINCHS ROOM,2011/7/14,2011/6/14,TAX,BK DRACULA  THE UN_DEAD B&N,0,0.55
443,2790_1520 INT MOLLYINCHS ROOM,2011/7/14,2011/6/14,LP,BK DROOD B&N,1,6.28
444,2790_1520 INT MOLLYINCHS ROOM,2011/7/14,2011/6/14,TAX,BK DROOD B&N,0,0.55
445,2790_1520 INT MOLLYINCHS ROOM,2011/7/14,2011/6/14,LP,BK FINISHING TOUCHES B&N,1,5.38
446,2790_1520 INT MOLLYINCHS ROOM,2011/7/14,2011/6/14,TAX,BK FINISHING TOUCHES B&N,0,0.47
447,2790_1520 INT MOLLYINCHS ROOM,2011/7/14,2011/6/14,LP,BK THANKS FOR THE MEMORIES B,1,5.38
448,2790_1520 INT MOLLYINCHS ROOM,2011/7/14,2011/6/14,TAX,BK THANKS FOR THE MEMORIES B,0,0.47
449,2790_1520 INT MOLLYINCHS ROOM,2011/7/14,2011/6/14,LP,BK RISE AND SHINE B&N,1,4.48
450,2790_1520 INT MOLLYINCHS ROOM,2011/7/14,2011/6/14,TAX,BK RISE AND SHINE B&N,0,0.39
451,2790_1520 INT MOLLYINCHS ROOM,2011/7/14,2011/6/14,LP,BK HOW TO BE A MOVIE STAR B&,1,6.28
452,2790_1520 INT MOLLYINCHS ROOM,2011/7/14,2011/6/14,TAX,BK HOW TO BE A MOVIE STAR B&,0,0.55
453,2790_1520 INT MOLLYINCHS ROOM,2011/7/14,2011/6/14,LP,BK APPOINTMENT WITH DEATH B&,1,5.38
454,2790_1520 INT MOLLYINCHS ROOM,2011/7/14,2011/6/14,TAX,BK APPOINTMENT WITH DEATH B&,0,0.47
455,2790_1520 INT MOLLYINCHS ROOM,2011/7/14,2011/6/14,LP,BK DEAD WEST B&N,1,4.48
456,2790_1520 INT MOLLYINCHS ROOM,2011/7/14,2011/6/14,TAX,BK DEAD WEST B&N,0,0.39
457,2790_1520 INT MOLLYINCHS ROOM,2011/7/14,2011/6/14,LP,BK 40 DOG TRICKS.. B&N,1,6.28
458,2790_1520 INT MOLLYINCHS ROOM,2011/7/14,2011/6/14,TAX,BK 40 DOG TRICKS.. B&N,0,0.55
459,2790_1520 INT MOLLYINCHS ROOM,2011/7/14,2011/6/14,LP,BK GRADUATE SCHOOL IN THE..,1,6.28
460,2790_1520 INT MOLLYINCHS ROOM,2011/7/14,2011/6/14,TAX,BK GRADUATE SCHOOL IN THE..,0,0.55
461,2790_1520 INT MOLLYINCHS ROOM,2011/7/14,2011/6/14,LP,BK FASION OF THE 70INCHS B&N,1,7.18
462,2790_1520 INT MOLLYINCHS ROOM,2011/7/14,2011/6/14,TAX,BK FASION OF THE 70INCHS B&N,0,0.63
463,2790_1520 INT MOLLYINCHS ROOM,2011/7/14,2011/6/14,LP,BK LIPSTICK APOLOGY B&N,4,4.48
464,2790_1520 INT MOLLYINCHS ROOM,2011/7/14,2011/6/14,TAX,BK LIPSTICK APOLOGY B&N,0,0.39
465,2790_1520 INT MOLLYINCHS ROOM,2011/7/14,2011/6/14,LP,BK MONDO LUCHA A GO GO..B&N,1,6.28
466,2790_1520 INT MOLLYINCHS ROOM,2011/7/14,2011/6/14,TAX,BK MONDO LUCHA A GO GO..B&N,0,0.55
467,2790_1520 INT MOLLYINCHS ROOM,2011/7/14,2011/6/14,LP,BK LUXURY HOME DESIGN B&N,1,19.79
468,2790_1520 INT MOLLYINCHS ROOM,2011/7/14,2011/6/14,TAX,BK LUXURY HOME DESIGN B&N,0,1.73
469,2790_1520 INT MOLLYINCHS ROOM,2011/7/14,2011/6/14,LP,BK WRITERS DIGEST YEARBOOK B,1,5.39
470,2790_1520 INT MOLLYINCHS ROOM,2011/7/14,2011/6/14,TAX,BK WRITERS DIGEST YEARBOOK B,0,0.47
471,2790_1520 INT MOLLYINCHS ROOM,2011/7/14,2011/6/14,LP,BK MOTORCYCLE ESCAPES B&N,1,5.39
472,2790_1520 INT MOLLYINCHS ROOM,2011/7/14,2011/6/14,TAX,BK MOTORCYCLE ESCAPES B&N,0,0.47
473,2790_1520 INT MOLLYINCHS ROOM,2011/7/14,2011/6/14,LP,BK ARENA HOMME PLUS B&N,1,13.95
474,2790_1520 INT MOLLYINCHS ROOM,2011/7/14,2011/6/14,TAX,BK ARENA HOMME PLUS B&N,0,1.22
475,2790_1520 INT MOLLYINCHS ROOM,2011/7/14,2011/6/14,LP,BK ARCHIVE B&N,1,13.41
476,2790_1520 INT MOLLYINCHS ROOM,2011/7/14,2011/6/14,TAX,BK ARCHIVE B&N,0,1.17
477,2790_1520 INT MOLLYINCHS ROOM,2011/7/14,2011/6/14,LP,BK FAMOUS MONTERS OF FILM B&,1,8.99
478,2790_1520 INT MOLLYINCHS ROOM,2011/7/14,2011/6/14,TAX,BK FAMOUS MONTERS OF FILM B&,0,0.79
479,2790_1520 INT MOLLYINCHS ROOM,2011/7/14,2011/6/14,LP,BK TRICYCLE  BUDDHIST... B&N,1,7.19
480,2790_1520 INT MOLLYINCHS ROOM,2011/7/14,2011/6/14,TAX,BK TRICYCLE  BUDDHIST... B&N,0,0.63
481,2790_1520 INT MOLLYINCHS ROOM,2011/7/14,2011/6/14,LP,BK BULLET B&N,1,8.09
482,2790_1520 INT MOLLYINCHS ROOM,2011/7/14,2011/6/14,TAX,BK BULLET B&N,0,0.71
483,2790_1520 INT MOLLYINCHS ROOM,2011/7/14,2011/6/14,LP,BK ANIMAL CONNECTION... B&N,1,21.56
484,2790_1520 INT MOLLYINCHS ROOM,2011/7/14,2011/6/14,TAX,BK ANIMAL CONNECTION... B&N,0,1.89
485,2790_1520 INT MOLLYINCHS ROOM,2011/7/14,2011/6/14,LP,BK GENIUS IN ALL OF US...B&N,1,14.35
486,2790_1520 INT MOLLYINCHS ROOM,2011/7/14,2011/6/14,TAX,BK GENIUS IN ALL OF US...B&N,0,1.26
487,2790_1520 INT MOLLYINCHS ROOM,2011/7/14,2011/6/14,LP,BK ICONOCLAST  A NEURO..,1,15.25
488,2790_1520 INT MOLLYINCHS ROOM,2011/7/14,2011/6/14,TAX,BK ICONOCLAST  A NEURO..,0,1.33
489,2790_1520 INT MOLLYINCHS ROOM,2011/7/14,2011/6/14,LP,BK RISING FORCE THE MAGIC B,1,22.36
490,2790_1520 INT MOLLYINCHS ROOM,2011/7/14,2011/6/14,TAX,BK RISING FORCE THE MAGIC B,0,1.96
491,2790_1520 INT MOLLYINCHS ROOM,2011/7/14,2011/6/14,LP,BK DANCE OF THE PHOTONS.. B&,1,20.8
492,2790_1520 INT MOLLYINCHS ROOM,2011/7/14,2011/6/14,TAX,BK DANCE OF THE PHOTONS.. B&,0,1.82
493,2790_1520 INT MOLLYINCHS ROOM,2011/7/14,2011/6/14,LP,BK WRAPAROUND UNIVERSE B&N,1,31.2
494,2790_1520 INT MOLLYINCHS ROOM,2011/7/14,2011/6/14,TAX,BK WRAPAROUND UNIVERSE B&N,0,2.73
495,2790_1520 INT MOLLYINCHS ROOM,2011/7/14,2011/6/14,LP,BK COMPLETE IDIOT GUIDE... B,1,17.05
496,2790_1520 INT MOLLYINCHS ROOM,2011/7/14,2011/6/14,TAX,BK COMPLETE IDIOT GUIDE... B,0,1.49
497,2790_1520 INT MOLLYINCHS ROOM,2011/7/14,2011/6/14,LP,BK PORTRAITS OF THE MIND.. B,1,28
498,2790_1520 INT MOLLYINCHS ROOM,2011/7/14,2011/6/14,TAX,BK PORTRAITS OF THE MIND.. B,0,2.45
499,2790_1520 INT MOLLYINCHS ROOM,2011/7/14,2011/6/14,LP,BK QUANTUM MAN  RICHARD FEY,1,19.96
500,2790_1520 INT MOLLYINCHS ROOM,2011/7/14,2011/6/14,TAX,BK QUANTUM MAN  RICHARD FEY,0,1.75
501,2790_1520 INT MOLLYINCHS ROOM,2011/7/14,2011/6/14,LP,BK BEAUTIFUL INVISIBLE... B&,1,27.96
502,2790_1520 INT MOLLYINCHS ROOM,2011/7/14,2011/6/14,TAX,BK BEAUTIFUL INVISIBLE... B&,0,2.45
503,2790_1520 INT MOLLYINCHS ROOM,2011/7/14,2011/6/14,LP,BK IN SEARCH OF THE MULTIVE,1,19.96
504,2790_1520 INT MOLLYINCHS ROOM,2011/7/14,2011/6/14,TAX,BK IN SEARCH OF THE MULTIVE,0,1.75
505,2790_1520 INT MOLLYINCHS ROOM,2011/7/14,2011/6/14,LP,BK CYCLES OF TIME... B&N,1,23.16
506,2790_1520 INT MOLLYINCHS ROOM,2011/7/14,2011/6/14,TAX,BK CYCLES OF TIME... B&N,0,2.03
507,2790_1520 INT MOLLYINCHS ROOM,2011/7/14,2011/6/14,LP,BK NEUTRINO B&N,1,15.16
508,2790_1520 INT MOLLYINCHS ROOM,2011/7/14,2011/6/14,TAX,BK NEUTRINO B&N,0,1.33
509,2790_1520 INT MOLLYINCHS ROOM,2011/7/14,2011/6/14,LP,BK HIDDEN REALITY... B&N,1,21.56
510,2790_1520 INT MOLLYINCHS ROOM,2011/7/14,2011/6/14,TAX,BK HIDDEN REALITY... B&N,0,1.89
511,2790_1520 INT MOLLYINCHS ROOM,2011/7/14,2011/6/14,TAX,MISC MAGAZINES,0,23.51
512,2790_1520 INT MOLLYINCHS ROOM,2011/7/14,2011/6/14,LP,MISC MAGAZINES,100,245.12
4,2790_1502 EXT CITY PARK,2011/7/2,2011/6/2,LP,6X FLAGS,12,599.94
5,2790_1502 EXT CITY PARK,2011/7/2,2011/6/2,TAX,6X FLAGS,0,53.99
56,2790_1509 EXT JUMP STREET CHAPEL,2011/5/28,2011/4/28,LP,VOTIVE STATUE OF MARY_ANTIQUE,1,296.25
57,2790_1509 EXT JUMP STREET CHAPEL,2011/5/28,2011/4/28,TAX,VOTIVE STATUE OF MARY_ANTIQUE,0,26.66
58,2790_1510 INT JUMP STREET CHAPEL,2011/4/5,2011/3/30,LP,STNDNG JESUS STATUE CIRCA 1857,1,125
59,2790_1510 INT JUMP STREET CHAPEL,2011/4/5,2011/3/30,TAX,STNDNG JESUS STATUE CIRCA 1857,0,11.25
60,2790_1510 INT JUMP STREET CHAPEL,2011/4/5,2011/3/30,LP,ORIENTAL WOODEN CONSOLE,1,125
61,2790_1510 INT JUMP STREET CHAPEL,2011/4/5,2011/3/30,TAX,ORIENTAL WOODEN CONSOLE,0,10.94
62,2790_1510 INT JUMP STREET CHAPEL,2011/4/5,2011/3/30,LP,ITALIAN ARM CHAIR,1,175
63,2790_1510 INT JUMP STREET CHAPEL,2011/4/5,2011/3/30,TAX,ITALIAN ARM CHAIR,0,15.31
64,2790_1510 INT JUMP STREET CHAPEL,2011/4/5,2011/3/30,LP,VNTGE 46TALL GLASS LIGHT,1,140
65,2790_1510 INT JUMP STREET CHAPEL,2011/4/5,2011/3/30,TAX,VNTGE 46TALL GLASS LIGHT,0,12.25
66,2790_1510 INT JUMP STREET CHAPEL,2011/4/5,2011/3/30,LP,OCTAGONAL SDE TBLE W/PLNK TOP,1,365
67,2790_1510 INT JUMP STREET CHAPEL,2011/4/5,2011/3/30,TAX,OCTAGONAL SDE TBLE W/PLNK TOP,0,31.94
68,2790_1510 INT JUMP STREET CHAPEL,2011/5/7,2011/4/7,LP,ASIAN SWING LIGHT_NEOPHOBIA,1,355
69,2790_1510 INT JUMP STREET CHAPEL,2011/5/7,2011/4/7,TAX,ASIAN SWING LIGHT_NEOPHOBIA,0,31.95
70,2790_1510 INT JUMP STREET CHAPEL,2011/5/7,2011/4/7,LP,DRACALINO LAMP_NEOPHOBIA,1,400
71,2790_1510 INT JUMP STREET CHAPEL,2011/5/7,2011/4/7,TAX,DRACALINO LAMP_NEOPHOBIA,0,36
72,2790_1510 INT JUMP STREET CHAPEL,2011/5/5,2011/4/27,LP,CINEMA LAMP_CAMERON JONES,1,254.15
73,2790_1510 INT JUMP STREET CHAPEL,2011/5/5,2011/4/27,TAX,CINEMA LAMP_CAMERON JONES,0,22.87
74,2790_1510 INT JUMP STREET CHAPEL,2011/5/5,2011/4/27,LP,TAYLOR BAR TABLE_CAMERON JONES,1,463.25
75,2790_1510 INT JUMP STREET CHAPEL,2011/5/5,2011/4/27,TAX,TAYLOR BAR TABLE_CAMERON JONES,0,41.69
76,2790_1510 INT JUMP STREET CHAPEL,2011/5/5,2011/4/27,LP,WISHBONE TBLE LAMP_CAMERN JNES,1,165.75
77,2790_1510 INT JUMP STREET CHAPEL,2011/5/5,2011/4/27,TAX,WISHBONE TBLE LAMP_CAMERN JNES,0,14.92
78,2790_1510 INT JUMP STREET CHAPEL,2011/5/5,2011/4/27,LP,JAM CNTRSTOOL_CAMERON JONES,1,301.75
79,2790_1510 INT JUMP STREET CHAPEL,2011/5/5,2011/4/27,TAX,JAM CNTRSTOOL_CAMERON JONES,0,27.16
80,2790_1510 INT JUMP STREET CHAPEL,2011/5/8,2011/4/28,LP,DOVE/HAND SCULPTURE,1,80
81,2790_1510 INT JUMP STREET CHAPEL,2011/5/8,2011/4/28,LL,LBR DOVE/HAND SCULPTURE,1,320
82,2790_1510 INT JUMP STREET CHAPEL,2011/5/8,2011/4/28,LP,RMB 5X FOLDING SCREENS,1,1270.75
83,2790_1510 INT JUMP STREET CHAPEL,2011/5/8,2011/4/28,TAX,RMB 5X FOLDING SCREENS,0,114.36
84,2790_1510 INT JUMP STREET CHAPEL,2011/5/8,2011/4/28,LP,JARDIN CHR_PIER1,1,149.95
85,2790_1510 INT JUMP STREET CHAPEL,2011/5/8,2011/4/28,TAX,JARDIN CHR_PIER1,0,13.12
86,2790_1510 INT JUMP STREET CHAPEL,2011/5/8,2011/4/28,LP,JARDIN DNG CHR_PIER1,1,119.95
87,2790_1510 INT JUMP STREET CHAPEL,2011/5/8,2011/4/28,TAX,JARDIN DNG CHR_PIER1,0,10.5
88,2790_1510 INT JUMP STREET CHAPEL,2011/5/8,2011/4/28,LP,JARDIN 36INCH RD TBL_PIER 1,1,199.95
89,2790_1510 INT JUMP STREET CHAPEL,2011/5/8,2011/4/28,TAX,JARDIN 36INCH RD TBL_PIER 1,0,17.5
90,2790_1510 INT JUMP STREET CHAPEL,2011/5/8,2011/4/28,LP,48INCH RND 3/8INCH GLASS TOP_PIER 1,1,109.95
91,2790_1510 INT JUMP STREET CHAPEL,2011/5/8,2011/4/28,TAX,48INCH RND 3/8INCH GLASS TOP_PIER 1,0,9.62
92,2790_1510 INT JUMP STREET CHAPEL,2011/5/8,2011/4/28,LP,ANYWHERE SCREEN_PIER 1,1,269.95
93,2790_1510 INT JUMP STREET CHAPEL,2011/5/8,2011/4/28,TAX,ANYWHERE SCREEN_PIER 1,0,23.62
94,2790_1510 INT JUMP STREET CHAPEL,2011/5/8,2011/4/28,LP,CIRCUS VASE_HAZELNUT,1,115
95,2790_1510 INT JUMP STREET CHAPEL,2011/5/8,2011/4/28,TAX,CIRCUS VASE_HAZELNUT,0,10.35
96,2790_1510 INT JUMP STREET CHAPEL,2011/5/8,2011/4/28,LP,USB RECORDPLAYER_URBAN OUTFITT,10,160
97,2790_1510 INT JUMP STREET CHAPEL,2011/5/8,2011/4/28,TAX,USB RECORDPLAYER_URBAN OUTFITT,0,14.4
98,2790_1510 INT JUMP STREET CHAPEL,2011/5/8,2011/4/28,LP,RED MIRROR_COST PLUS,1,109.76
99,2790_1510 INT JUMP STREET CHAPEL,2011/5/8,2011/4/28,TAX,RED MIRROR_COST PLUS,0,9.6
100,2790_1510 INT JUMP STREET CHAPEL,2011/5/8,2011/4/28,LP,MEDICAL SCALE_RENAISSANCE,1,195
101,2790_1510 INT JUMP STREET CHAPEL,2011/5/8,2011/4/28,TAX,MEDICAL SCALE_RENAISSANCE,0,17.06
102,2790_1510 INT JUMP STREET CHAPEL,2011/5/8,2011/4/28,LP,TUFTED BENCH_RENAISSANCE,1,235
103,2790_1510 INT JUMP STREET CHAPEL,2011/5/8,2011/4/28,TAX,TUFTED BENCH_RENAISSANCE,0,20.56
104,2790_1510 INT JUMP STREET CHAPEL,2011/5/15,2011/5/4,LP,BK LUCIAN FREUD STUDIO B&N,1,52
105,2790_1510 INT JUMP STREET CHAPEL,2011/5/15,2011/5/4,TAX,BK LUCIAN FREUD STUDIO B&N,0,4.55
106,2790_1510 INT JUMP STREET CHAPEL,2011/5/15,2011/5/4,LP,SENTRY SAFE_OFC DEPOT,1,175.99
107,2790_1510 INT JUMP STREET CHAPEL,2011/5/15,2011/5/4,TAX,SENTRY SAFE_OFC DEPOT,0,15.84
108,2790_1510 INT JUMP STREET CHAPEL,2011/5/15,2011/5/10,LP,WHT PRCLN BIN_ANTHROPOLOGIE,1,158
109,2790_1510 INT JUMP STREET CHAPEL,2011/5/15,2011/5/10,TAX,WHT PRCLN BIN_ANTHROPOLOGIE,0,14.22
110,2790_1510 INT JUMP STREET CHAPEL,2011/5/15,2011/5/10,LP,CRAMC PAINTED TRAY_ANTHROPOLOG,1,149.95
111,2790_1510 INT JUMP STREET CHAPEL,2011/5/15,2011/5/10,TAX,CRAMC PAINTED TRAY_ANTHROPOLOG,0,13.5
112,2790_1510 INT JUMP STREET CHAPEL,2011/5/15,2011/5/10,LP,SCREEN PRINT PILLOW_ANTHROPOLO,4,148
113,2790_1510 INT JUMP STREET CHAPEL,2011/5/15,2011/5/10,TAX,SCREEN PRINT PILLOW_ANTHROPOLO,0,13.32
114,2790_1510 INT JUMP STREET CHAPEL,2011/5/15,2011/5/10,LP,WHT PORCELAIN TUREEN_ANTHROPOL,1,148
115,2790_1510 INT JUMP STREET CHAPEL,2011/5/15,2011/5/10,TAX,WHT PORCELAIN TUREEN_ANTHROPOL,0,13.32
116,2790_1510 INT JUMP STREET CHAPEL,2011/5/15,2011/5/10,LP,LTHR TUFTED CLUB CHAIR_RENAISS,4,195
117,2790_1510 INT JUMP STREET CHAPEL,2011/5/15,2011/5/10,TAX,LTHR TUFTED CLUB CHAIR_RENAISS,0,17.06
118,2790_1510 INT JUMP STREET CHAPEL,2011/5/15,2011/5/10,LP,LTHR TUFTED SOFA_RENAISSANCE,1,390
119,2790_1510 INT JUMP STREET CHAPEL,2011/5/15,2011/5/10,TAX,LTHR TUFTED SOFA_RENAISSANCE,0,34.13
120,2790_1510 INT JUMP STREET CHAPEL,2011/5/15,2011/5/10,XX,30X KOREAN_ENGLISH HYMNAL,1,194.61
121,2790_1510 INT JUMP STREET CHAPEL,2011/5/15,2011/5/10,LP,3 STEP CABINET_RENAISSANCE,1,195
122,2790_1510 INT JUMP STREET CHAPEL,2011/5/15,2011/5/10,TAX,3 STEP CABINET_RENAISSANCE,0,17.06
123,2790_1510 INT JUMP STREET CHAPEL,2011/5/15,2011/5/12,LP,DBL SIDED DRY ERASE EASEL_OFCM,1,186.99
124,2790_1510 INT JUMP STREET CHAPEL,2011/5/15,2011/5/12,TAX,DBL SIDED DRY ERASE EASEL_OFCM,0,16.36
125,2790_1510 INT JUMP STREET CHAPEL,2011/5/15,2011/5/12,LP,BIKE TOWNIE 21_BICYCLE MICHAEL,5,435
126,2790_1510 INT JUMP STREET CHAPEL,2011/5/15,2011/5/12,TAX,BIKE TOWNIE 21_BICYCLE MICHAEL,0,39.15
127,2790_1510 INT JUMP STREET CHAPEL,2011/5/15,2011/5/12,LP,SCHWINN RACER_BICYCLE MICHAELS,5,435
128,2790_1510 INT JUMP STREET CHAPEL,2011/5/15,2011/5/12,TAX,SCHWINN RACER_BICYCLE MICHAELS,0,39.15
129,2790_1510 INT JUMP STREET CHAPEL,2011/5/15,2011/5/12,LP,SCHWINN JENNY_BICYCLE MICHAELS,4,450
130,2790_1510 INT JUMP STREET CHAPEL,2011/5/15,2011/5/12,TAX,SCHWINN JENNY_BICYCLE MICHAELS,0,40.5
131,2790_1510 INT JUMP STREET CHAPEL,2011/5/15,2011/5/12,LP,BIKE DELL CRANBROOK_BICYCLE MI,3,325
132,2790_1510 INT JUMP STREET CHAPEL,2011/5/15,2011/5/12,TAX,BIKE DELL CRANBROOK_BICYCLE MI,0,29.25
133,2790_1510 INT JUMP STREET CHAPEL,2011/5/15,2011/5/12,LP,BIKE ORIGIN 8 DEL PASADO_BIKE,5,470
134,2790_1510 INT JUMP STREET CHAPEL,2011/5/15,2011/5/12,TAX,BIKE ORIGIN 8 DEL PASADO_BIKE,0,42.3
135,2790_1510 INT JUMP STREET CHAPEL,2011/5/15,2011/5/12,LP,ABJS BORDO KEY LOCK_BICYCLE MI,1,110
136,2790_1510 INT JUMP STREET CHAPEL,2011/5/15,2011/5/12,TAX,ABJS BORDO KEY LOCK_BICYCLE MI,0,9.9
137,2790_1510 INT JUMP STREET CHAPEL,2011/6/19,2011/5/19,LP,4X FLRESCNT TUBES,1,227.8
138,2790_1510 INT JUMP STREET CHAPEL,2011/6/19,2011/5/19,TAX,4X FLRESCNT TUBES,0,19.93
139,2790_1510 INT JUMP STREET CHAPEL,2011/6/24,2011/5/24,LP,1X BLK SPUN FLR LAMP_DESIGN W/,1,1962.26
140,2790_1510 INT JUMP STREET CHAPEL,2011/6/24,2011/5/24,TAX,1X BLK SPUN FLR LAMP_DESIGN W/,0,143.28
141,2790_1510 INT JUMP STREET CHAPEL,2011/6/24,2011/5/24,LP,2X RED PENDANT LAMPS_DESIGN W/,4,956.26
142,2790_1510 INT JUMP STREET CHAPEL,2011/6/24,2011/5/24,TAX,2X RED PENDANT LAMPS_DESIGN W/,0,52.74
143,2790_1510 INT JUMP STREET CHAPEL,2011/4/25,2011/4/20,LP,4INCH KOREAN JESUS SCULPTURE,1,"1,150"
144,2790_1510 INT JUMP STREET CHAPEL,2011/7/4,2011/6/1,LL,LBR 4INCH KOREAN JESUS SCULPTURE,1,"2,900"
203,2790_1513 EXT SCHMIDT HOME,2011/7/14,2011/6/14,LP,WAGON WHEEL BENCH_HOBBY LOBBY,2,419.99
204,2790_1513 EXT SCHMIDT HOME,2011/7/14,2011/6/14,TAX,WAGON WHEEL BENCH_HOBBY LOBBY,0,39.9
205,2790_1516 INT SCHMIDT HOME,2011/4/20,2011/3/30,LP,19TH CNTRY LA PINE TRUNK,6,260
206,2790_1516 INT SCHMIDT HOME,2011/4/20,2011/3/30,TAX,19TH CNTRY LA PINE TRUNK,0,22.75
207,2790_1516 INT SCHMIDT HOME,2011/4/20,2011/3/30,LP,DOLPHIN SCULPTURE,27,165
208,2790_1516 INT SCHMIDT HOME,2011/4/20,2011/3/30,TAX,DOLPHIN SCULPTURE,0,14.44
209,2790_1516 INT SCHMIDT HOME,2011/4/20,2011/3/30,LP,RUSTIC WOOD CONSOLE,2,275
210,2790_1516 INT SCHMIDT HOME,2011/4/20,2011/3/30,TAX,RUSTIC WOOD CONSOLE,0,24.06
211,2790_1516 INT SCHMIDT HOME,2011/4/20,2011/3/30,LP,VNTGE FRNCH RSH SEAT ARM CHAIR,2,175
212,2790_1516 INT SCHMIDT HOME,2011/4/20,2011/3/30,TAX,VNTGE FRNCH RSH SEAT ARM CHAIR,0,15.31
213,2790_1516 INT SCHMIDT HOME,2011/4/20,2011/3/30,LP,VNTGE 2 LEVEL SDE TBLE,2,100
214,2790_1516 INT SCHMIDT HOME,2011/4/20,2011/3/30,TAX,VNTGE 2 LEVEL SDE TBLE,0,8.75
215,2790_1516 INT SCHMIDT HOME,2011/4/20,2011/3/30,LP,ITALIAN NAUTZZI LTHR SOFA,1,425
216,2790_1516 INT SCHMIDT HOME,2011/4/20,2011/3/30,TAX,ITALIAN NAUTZZI LTHR SOFA,0,37.19
217,2790_1516 INT SCHMIDT HOME,2011/4/20,2011/3/30,LP,ART GLASS BULL,1,100
218,2790_1516 INT SCHMIDT HOME,2011/4/20,2011/3/30,TAX,ART GLASS BULL,0,8.75
219,2790_1516 INT SCHMIDT HOME,2011/4/20,2011/3/30,LP,PLNKTOP SDE TBLE W/PULL SLDE,2,375
220,2790_1516 INT SCHMIDT HOME,2011/4/20,2011/3/30,TAX,PLNKTOP SDE TBLE W/PULL SLDE,0,32.81
221,2790_1516 INT SCHMIDT HOME,2011/4/20,2011/3/30,LP,2X PLNKTOP TBLES W/BURLED SLDE,4,750
222,2790_1516 INT SCHMIDT HOME,2011/4/20,2011/3/30,TAX,2X PLNKTOP TBLES W/BURLED SLDE,0,65.63
223,2790_1516 INT SCHMIDT HOME,2011/4/20,2011/3/30,LP,IRON BSE CONSOLE TBLE,1,265
224,2790_1516 INT SCHMIDT HOME,2011/4/20,2011/3/30,TAX,IRON BSE CONSOLE TBLE,0,23.19
225,2790_1516 INT SCHMIDT HOME,2011/4/20,2011/3/30,LP,COW HIDE RUG_COST PLUS,1,225
226,2790_1516 INT SCHMIDT HOME,2011/4/20,2011/3/30,TAX,COW HIDE RUG_COST PLUS,0,20.25
227,2790_1516 INT SCHMIDT HOME,2011/4/20,2011/3/30,LP,SOPHIE SWIVEL CHAIR_CHRISTIAN,1,1125
228,2790_1516 INT SCHMIDT HOME,2011/4/20,2011/3/30,TAX,SOPHIE SWIVEL CHAIR_CHRISTIAN,0,98.44
229,2790_1516 INT SCHMIDT HOME,2011/4/20,2011/3/30,LP,LOVESEAT_CHRISTIAN ST FURNITUR,1,195
230,2790_1516 INT SCHMIDT HOME,2011/4/20,2011/3/30,TAX,LOVESEAT_CHRISTIAN ST FURNITUR,0,17.06
231,2790_1516 INT SCHMIDT HOME,2011/4/20,2011/3/30,LP,2X SQUARE CHAIR_CHRISTIAN ST F,4,"1,300"
232,2790_1516 INT SCHMIDT HOME,2011/4/20,2011/3/30,TAX,2X SQUARE CHAIR_CHRISTIAN ST F,0,113.75
233,2790_1516 INT SCHMIDT HOME,2011/5/7,2011/4/7,LP,2X WOOD PATTERN CHRS_AGORA,4,375
234,2790_1516 INT SCHMIDT HOME,2011/5/7,2011/4/7,TAX,2X WOOD PATTERN CHRS_AGORA,0,33.75
235,2790_1516 INT SCHMIDT HOME,2011/5/7,2011/4/7,LP,METAL MR. ED HORST_LE BOULEVAR,1,98
236,2790_1516 INT SCHMIDT HOME,2011/5/7,2011/4/7,TAX,METAL MR. ED HORST_LE BOULEVAR,0,8.58
237,2790_1516 INT SCHMIDT HOME,2011/5/7,2011/4/7,LP,MT.RUSHMORE LAMP_LE BOULEVARD,1,148.5
238,2790_1516 INT SCHMIDT HOME,2011/5/7,2011/4/7,TAX,MT.RUSHMORE LAMP_LE BOULEVARD,0,12.99
239,2790_1516 INT SCHMIDT HOME,2011/5/19,2011/4/19,LP,2X WOOD TBLS_REN INTERIORS,4,265
240,2790_1516 INT SCHMIDT HOME,2011/5/19,2011/4/19,TAX,2X WOOD TBLS_REN INTERIORS,0,23.19
241,2790_1516 INT SCHMIDT HOME,2011/5/19,2011/4/19,LP,ANTIQUE PINE CABNT_REN INTERIO,1,750
242,2790_1516 INT SCHMIDT HOME,2011/5/19,2011/4/19,TAX,ANTIQUE PINE CABNT_REN INTERIO,0,65.63
243,2790_1516 INT SCHMIDT HOME,2011/5/19,2011/4/19,LP,NEEDLEPNT PRIEST_REN INTERIORS,1,95
244,2790_1516 INT SCHMIDT HOME,2011/5/19,2011/4/19,TAX,NEEDLEPNT PRIEST_REN INTERIORS,0,8.31
245,2790_1516 INT SCHMIDT HOME,2011/6/12,2011/5/12,XX,TERRACOTTA VASE _ DOUGLAS FIR,1,230
246,2790_1516 INT SCHMIDT HOME,2011/6/12,2011/5/12,XX,DESERT SCENE PRINT _ DOUGLAS F,0,295
247,2790_1516 INT SCHMIDT HOME,2011/6/24,2011/5/24,LP,OPEN CAPE COD DISPLAY_C.S.F.,4,995
248,2790_1516 INT SCHMIDT HOME,2011/6/24,2011/5/24,TAX,OPEN CAPE COD DISPLAY_C.S.F.,0,87.06
249,2790_1516 INT SCHMIDT HOME,2011/6/24,2011/5/24,LP,ARIES 3 DRWR CHEST_C.S.F.,1,320
250,2790_1516 INT SCHMIDT HOME,2011/6/24,2011/5/24,TAX,ARIES 3 DRWR CHEST_C.S.F.,0,28
251,2790_1516 INT SCHMIDT HOME,2011/6/24,2011/5/24,LP,LAMP_CHRISTIAN ST FURN.,14,195
252,2790_1516 INT SCHMIDT HOME,2011/6/24,2011/5/24,TAX,LAMP_CHRISTIAN ST FURN.,0,17.06
253,2790_1516 INT SCHMIDT HOME,2011/6/24,2011/5/24,LP,HAMPTON CONSOLE TBL_CHRISTIAN,1,695
254,2790_1516 INT SCHMIDT HOME,2011/6/24,2011/5/24,TAX,HAMPTON CONSOLE TBL_CHRISTIAN,0,60.82
255,2790_1516 INT SCHMIDT HOME,2011/6/24,2011/5/24,LP,GOLD GYM STATIONARY BIKE_WALMA,1,247
256,2790_1516 INT SCHMIDT HOME,2011/6/24,2011/5/24,TAX,GOLD GYM STATIONARY BIKE_WALMA,0,22.23
257,2790_1516 INT SCHMIDT HOME,2011/6/24,2011/5/24,LP,2X ROCKFORD CHAIR_C.S.F.,1,2068.96
258,2790_1516 INT SCHMIDT HOME,2011/6/24,2011/5/24,TAX,2X ROCKFORD CHAIR_C.S.F.,0,181.03
259,2790_1516 INT SCHMIDT HOME,2011/6/24,2011/5/24,LP,STEVEN SHELL DESK_C.S.F.,1,295
260,2790_1516 INT SCHMIDT HOME,2011/6/24,2011/5/24,TAX,STEVEN SHELL DESK_C.S.F.,0,25.82
261,2790_1516 INT SCHMIDT HOME,2011/6/26,2011/5/26,XX,CLOTH VALANCE BNNR CREATIONS,1,174
262,2790_1516 INT SCHMIDT HOME,2011/6/26,2011/5/26,XX,PREP PRINT FOR VALANCE,0,40
263,2790_1516 INT SCHMIDT HOME,2011/6/12,2011/6/2,LP,2X MADERA END TBLS_COSTPLUS,1,279.98
264,2790_1516 INT SCHMIDT HOME,2011/6/12,2011/6/2,TAX,2X MADERA END TBLS_COSTPLUS,0,24.5
265,2790_1516 INT SCHMIDT HOME,2011/6/12,2011/6/2,LP,KITCHEN AID 5SPD BLENDER_BBB,4,99.99
266,2790_1516 INT SCHMIDT HOME,2011/6/12,2011/6/2,TAX,KITCHEN AID 5SPD BLENDER_BBB,0,8.75
267,2790_1516 INT SCHMIDT HOME,2011/6/18,2011/6/8,LP,5X CANE CHRS_COSTPLUP,10,649.95
268,2790_1516 INT SCHMIDT HOME,2011/6/18,2011/6/8,TAX,5X CANE CHRS_COSTPLUP,0,56.87
269,2790_1516 INT SCHMIDT HOME,2011/6/18,2011/6/8,LP,KENSINGTON DIN TBL_COSTPLUS,1,499.99
270,2790_1516 INT SCHMIDT HOME,2011/6/18,2011/6/8,TAX,KENSINGTON DIN TBL_COSTPLUS,0,43.75
271,2790_1516 INT SCHMIDT HOME,2011/6/18,2011/6/8,LP,4X6 GRY/BLU KILIM RUG_COSTPLUS,1,149.99
272,2790_1516 INT SCHMIDT HOME,2011/6/18,2011/6/8,TAX,4X6 GRY/BLU KILIM RUG_COSTPLUS,0,13.12
273,2790_1516 INT SCHMIDT HOME,2011/6/19,2011/6/9,LP,1X DGTL SCN W/CLR  UPTOWN GRP,1,150
274,2790_1516 INT SCHMIDT HOME,2011/6/19,2011/6/9,TAX,1X DGTL SCN W/CLR  UPTOWN GRP,0,13.5
275,2790_1516 INT SCHMIDT HOME,2011/6/19,2011/6/9,LP,5X 49X36 CNVS PRNTS  UPTOWN GR,1,735
276,2790_1516 INT SCHMIDT HOME,2011/6/19,2011/6/9,TAX,5X 49X36 CNVS PRNTS  UPTOWN GR,0,66.15
277,2790_1516 INT SCHMIDT HOME,2011/6/18,2011/6/10,LP,RND SIDETBLE_POTTERYBARN,2,199.2
278,2790_1516 INT SCHMIDT HOME,2011/6/18,2011/6/10,TAX,RND SIDETBLE_POTTERYBARN,0,17.43
279,2790_1516 INT SCHMIDT HOME,2011/6/18,2011/6/10,LP,RUSTIC SIDETBLE_POTTERYBARN,1,319.2
280,2790_1516 INT SCHMIDT HOME,2011/6/18,2011/6/10,TAX,RUSTIC SIDETBLE_POTTERYBARN,0,27.93
281,2790_1516 INT SCHMIDT HOME,2011/6/18,2011/6/10,LP,RND TABLE LAMP_POTTERYBARN,2,170
282,2790_1516 INT SCHMIDT HOME,2011/6/18,2011/6/10,TAX,RND TABLE LAMP_POTTERYBARN,0,14.88
283,2790_1516 INT SCHMIDT HOME,2011/6/18,2011/6/10,LP,SIENNA FLR LAMP_POTTERYBARN,2,170
284,2790_1516 INT SCHMIDT HOME,2011/6/18,2011/6/10,TAX,SIENNA FLR LAMP_POTTERYBARN,0,14.88
285,2790_1516 INT SCHMIDT HOME,2011/6/18,2011/6/10,LP,TWIN BOX SPNG/MATTRESS,4,100
286,2790_1516 INT SCHMIDT HOME,2011/6/18,2011/6/10,TAX,TWIN BOX SPNG/MATTRESS,0,8.75
287,2790_1516 INT SCHMIDT HOME,2011/7/14,2011/6/14,LP,RND TABLE LAMP_POTTERY BARN,3,170
288,2790_1516 INT SCHMIDT HOME,2011/7/14,2011/6/14,TAX,RND TABLE LAMP_POTTERY BARN,0,14.88
289,2790_1516 INT SCHMIDT HOME,2011/7/14,2011/6/14,LP,1X PAPER CUTTER_DAVID ART CNTR,1,115.95
290,2790_1516 INT SCHMIDT HOME,2011/7/14,2011/6/14,TAX,1X PAPER CUTTER_DAVID ART CNTR,0,10.15
305,2790_1517 INT SCHMIDTINCHS BEDROOM (STG),2011/4/18,2011/4/8,LP,MARTIN GUITAR_GUITAR CNTR,1,499.99
306,2790_1517 INT SCHMIDTINCHS BEDROOM (STG),2011/4/18,2011/4/8,TAX,MARTIN GUITAR_GUITAR CNTR,0,43.75
307,2790_1517 INT SCHMIDTINCHS BEDROOM (STG),2011/4/18,2011/4/8,LP,BK CAKE SELECTED SONGS GUITA,1,21.95
308,2790_1517 INT SCHMIDTINCHS BEDROOM (STG),2011/4/18,2011/4/8,TAX,BK CAKE SELECTED SONGS GUITA,0,1.92
309,2790_1517 INT SCHMIDTINCHS BEDROOM (STG),2011/4/18,2011/4/8,LP,BK BEATLES ACOUSTIC GUITAR,1,22.95
310,2790_1517 INT SCHMIDTINCHS BEDROOM (STG),2011/4/18,2011/4/8,TAX,BK BEATLES ACOUSTIC GUITAR,0,2.01
311,2790_1517 INT SCHMIDTINCHS BEDROOM (STG),2011/4/18,2011/4/8,LP,BK DEFINITIVE BOB DYLAN GUITA,1,39.95
312,2790_1517 INT SCHMIDTINCHS BEDROOM (STG),2011/4/18,2011/4/8,TAX,BK DEFINITIVE BOB DYLAN GUITA,0,3.5
313,2790_1517 INT SCHMIDTINCHS BEDROOM (STG),2011/5/5,2011/4/28,LP,5INCH ALOHA TUB_HOME DEPOT,1,129
314,2790_1517 INT SCHMIDTINCHS BEDROOM (STG),2011/5/5,2011/4/28,TAX,5INCH ALOHA TUB_HOME DEPOT,0,11.61
315,2790_1517 INT SCHMIDTINCHS BEDROOM (STG),2011/5/5,2011/4/28,LP,CADET BONE TOILET_HOME DEPOT,1,168
316,2790_1517 INT SCHMIDTINCHS BEDROOM (STG),2011/5/5,2011/4/28,TAX,CADET BONE TOILET_HOME DEPOT,0,15.12
317,2790_1517 INT SCHMIDTINCHS BEDROOM (STG),2011/5/17,2011/5/12,LP,BUD LIGHT SIGN_MAGAZINE ANTIQU,15,100
318,2790_1517 INT SCHMIDTINCHS BEDROOM (STG),2011/5/17,2011/5/12,TAX,BUD LIGHT SIGN_MAGAZINE ANTIQU,0,9
319,2790_1517 INT SCHMIDTINCHS BEDROOM (STG),2011/5/17,2011/5/12,LP,CARVED WOOD MASK_MAGAZINE ANTI,1,110
320,2790_1517 INT SCHMIDTINCHS BEDROOM (STG),2011/5/17,2011/5/12,TAX,CARVED WOOD MASK_MAGAZINE ANTI,0,9.9
321,2790_1517 INT SCHMIDTINCHS BEDROOM (STG),2011/5/29,2011/5/20,LP,150X PAPERBACKS,300,100.29
322,2790_1517 INT SCHMIDTINCHS BEDROOM (STG),2011/5/29,2011/5/20,TAX,150X PAPERBACKS,0,9.02
323,2790_1517 INT SCHMIDTINCHS BEDROOM (STG),2011/5/29,2011/5/24,LP,5DWR CHEST_COMPASS,1,1299.99
324,2790_1517 INT SCHMIDTINCHS BEDROOM (STG),2011/5/29,2011/5/24,TAX,5DWR CHEST_COMPASS,0,113.75
325,2790_1517 INT SCHMIDTINCHS BEDROOM (STG),2011/5/29,2011/5/24,LP,TRUNDLE BED_COMPASS,1,149.99
326,2790_1517 INT SCHMIDTINCHS BEDROOM (STG),2011/5/29,2011/5/24,TAX,TRUNDLE BED_COMPASS,0,13.12
327,2790_1517 INT SCHMIDTINCHS BEDROOM (STG),2011/5/29,2011/5/24,LP,BUNKBED_COMPASS,1,149.99
328,2790_1517 INT SCHMIDTINCHS BEDROOM (STG),2011/5/29,2011/5/24,TAX,BUNKBED_COMPASS,0,13.13
329,2790_1517 INT SCHMIDTINCHS BEDROOM (STG),2011/5/29,2011/5/24,LP,ELLYPTICAL MACHINE_SPRTS AUTH,1,337.48
330,2790_1517 INT SCHMIDTINCHS BEDROOM (STG),2011/5/29,2011/5/24,TAX,ELLYPTICAL MACHINE_SPRTS AUTH,0,29.53
513,2790_1521 EXT/INT ERICINCHS HOUSE,2011/5/29,2011/5/12,LP,AIDEN CONSOLE TBL_COSTPLUS,1,250.13
514,2790_1521 EXT/INT ERICINCHS HOUSE,2011/5/29,2011/5/12,LP,AIDEN CONSOLE TBL_COSTPLUS,0,250.12
515,2790_1521 EXT/INT ERICINCHS HOUSE,2011/5/29,2011/5/12,TAX,AIDEN CONSOLE TBL_COSTPLUS,1,21.89
516,2790_1521 EXT/INT ERICINCHS HOUSE,2011/5/29,2011/5/12,TAX,AIDEN CONSOLE TBL_COSTPLUS,0,21.89
517,2790_1521 EXT/INT ERICINCHS HOUSE,2011/5/29,2011/5/12,LP,CAMPAIGN DESK_COST PLUS,1,205.46
518,2790_1521 EXT/INT ERICINCHS HOUSE,2011/5/29,2011/5/12,TAX,CAMPAIGN DESK_COST PLUS,0,17.98
519,2790_1521 EXT/INT ERICINCHS HOUSE,2011/5/29,2011/5/12,LP,CAMPAIGN BOOKSHELF_COSTPLUS,1,250.12
520,2790_1521 EXT/INT ERICINCHS HOUSE,2011/5/29,2011/5/12,TAX,CAMPAIGN BOOKSHELF_COSTPLUS,0,21.89
521,2790_1521 EXT/INT ERICINCHS HOUSE,2011/5/29,2011/5/12,LP,YLLW ACCENT TBL_PIER 1,1,119.95
522,2790_1521 EXT/INT ERICINCHS HOUSE,2011/5/29,2011/5/12,TAX,YLLW ACCENT TBL_PIER 1,0,10.5
523,2790_1521 EXT/INT ERICINCHS HOUSE,2011/5/29,2011/5/12,LP,BRN COFFEE TBL_COMPASS,1,149.99
524,2790_1521 EXT/INT ERICINCHS HOUSE,2011/5/29,2011/5/12,TAX,BRN COFFEE TBL_COMPASS,0,13.12
525,2790_1521 EXT/INT ERICINCHS HOUSE,2011/5/29,2011/5/12,LP,JUNIPER TBL W/STOOLS_COMPASS,1,399.99
526,2790_1521 EXT/INT ERICINCHS HOUSE,2011/5/29,2011/5/12,TAX,JUNIPER TBL W/STOOLS_COMPASS,0,35
527,2790_1521 EXT/INT ERICINCHS HOUSE,2011/5/29,2011/5/12,LP,PALM TREE_COMPASS,1,309.99
528,2790_1521 EXT/INT ERICINCHS HOUSE,2011/5/29,2011/5/12,TAX,PALM TREE_COMPASS,0,27.12
529,2790_1521 EXT/INT ERICINCHS HOUSE,2011/5/29,2011/5/12,LP,LONG TBL W/LEAVES_COMPASS,1,429.99
530,2790_1521 EXT/INT ERICINCHS HOUSE,2011/5/29,2011/5/12,TAX,LONG TBL W/LEAVES_COMPASS,0,37.62
531,2790_1521 EXT/INT ERICINCHS HOUSE,2011/5/29,2011/5/12,LP,BUDDHIST SCULPTURE_COMPASS,1,99.99
532,2790_1521 EXT/INT ERICINCHS HOUSE,2011/5/29,2011/5/12,TAX,BUDDHIST SCULPTURE_COMPASS,0,8.75
533,2790_1521 EXT/INT ERICINCHS HOUSE,2011/5/29,2011/5/12,LP,FLOOR LAMP_COMPASS,6,239.99
534,2790_1521 EXT/INT ERICINCHS HOUSE,2011/5/29,2011/5/12,TAX,FLOOR LAMP_COMPASS,0,21
535,2790_1521 EXT/INT ERICINCHS HOUSE,2011/5/29,2011/5/12,LP,BRN RND CHAIR_COMPASS,1,449.99
536,2790_1521 EXT/INT ERICINCHS HOUSE,2011/5/29,2011/5/12,TAX,BRN RND CHAIR_COMPASS,0,39.37
537,2790_1521 EXT/INT ERICINCHS HOUSE,2011/6/10,2011/5/24,LP,SITTING BUDDA_C.S.F.,1,305
538,2790_1521 EXT/INT ERICINCHS HOUSE,2011/6/10,2011/5/24,TAX,SITTING BUDDA_C.S.F.,0,26.69
539,2790_1521 EXT/INT ERICINCHS HOUSE,2011/6/10,2011/5/26,LP,1X USED WASER  DAVES APP,1,116
540,2790_1521 EXT/INT ERICINCHS HOUSE,2011/6/10,2011/5/26,TAX,1X USED WASER  DAVES APP,0,10.44
541,2790_1521 EXT/INT ERICINCHS HOUSE,2011/6/10,2011/5/26,LP,1X USED DRYER  DAVES APP,1,116
542,2790_1521 EXT/INT ERICINCHS HOUSE,2011/6/10,2011/5/26,XX,BAMBOO BLINDS 104X120,15,490
543,2790_1521 EXT/INT ERICINCHS HOUSE,2011/6/10,2011/5/26,XX,BAMBOO BLINDS 103X120,4,490
544,2790_1521 EXT/INT ERICINCHS HOUSE,2011/6/10,2011/5/26,XX,4X BAMBOO BLINDS 72X120,8,"1,240"
545,2790_1521 EXT/INT ERICINCHS HOUSE,2011/6/10,2011/5/26,XX,BAMBOO BLINDS 48.5X120,1,280
546,2790_1521 EXT/INT ERICINCHS HOUSE,2011/6/10,2011/5/27,TAX,1X USED DRYER  DAVES APP,0,10.44
547,2790_1521 EXT/INT ERICINCHS HOUSE,2011/6/10,2011/6/2,LP,WICKER SETTEE_PIER 1,1,229.95
548,2790_1521 EXT/INT ERICINCHS HOUSE,2011/6/10,2011/6/2,TAX,WICKER SETTEE_PIER 1,0,20.12
549,2790_1521 EXT/INT ERICINCHS HOUSE,2011/6/25,2011/6/10,LP,3PC SECTIONAL SOFA_PIER 1,1,1349.85
550,2790_1521 EXT/INT ERICINCHS HOUSE,2011/6/25,2011/6/10,TAX,3PC SECTIONAL SOFA_PIER 1,0,118.11
551,2790_1521 EXT/INT ERICINCHS HOUSE,2011/6/25,2011/6/10,LP,CERAMIC STOOL_PIER 1,1,99.95
552,2790_1521 EXT/INT ERICINCHS HOUSE,2011/6/25,2011/6/10,TAX,CERAMIC STOOL_PIER 1,0,8.75
553,2790_1521 EXT/INT ERICINCHS HOUSE,2011/6/25,2011/6/10,LP,EPIPHONE GUITAR_GUITAR CNTR,1,119.99
554,2790_1521 EXT/INT ERICINCHS HOUSE,2011/6/25,2011/6/10,TAX,EPIPHONE GUITAR_GUITAR CNTR,0,10.5
555,2790_1521 EXT/INT ERICINCHS HOUSE,2011/6/25,2011/6/10,LP,LRG GOLD URN_PIER 1,1,159.95
556,2790_1521 EXT/INT ERICINCHS HOUSE,2011/6/25,2011/6/10,TAX,LRG GOLD URN_PIER 1,0,14
557,2790_1521 EXT/INT ERICINCHS HOUSE,2011/6/25,2011/6/10,LP,GLD PLATED VASE W/HANDLE_PIER1,1,159.95
558,2790_1521 EXT/INT ERICINCHS HOUSE,2011/6/25,2011/6/10,TAX,GLD PLATED VASE W/HANDLE_PIER1,0,14
559,2790_1523 INT ZACKINCHS (BASEMENT) RM (STG),2011/6/25,2011/6/8,LP,SONY DSC_W310 CMRA_RADIO SHACK,1,99.97
560,2790_1523 INT ZACKINCHS (BASEMENT) RM (STG),2011/6/25,2011/6/8,TAX,SONY DSC_W310 CMRA_RADIO SHACK,0,9
561,2790_1523 INT ZACKINCHS (BASEMENT) RM (STG),2011/6/25,2011/6/14,LP,1950INCHS KG HDBRD_RENAISSANCE,1,125
562,2790_1523 INT ZACKINCHS (BASEMENT) RM (STG),2011/6/25,2011/6/14,TAX,1950INCHS KG HDBRD_RENAISSANCE,0,10.94
563,2790_1523 INT ZACKINCHS (BASEMENT) RM (STG),2011/6/25,2011/6/14,LP,LRG LANTERN BOX_RENAISSANCE,1,125
564,2790_1523 INT ZACKINCHS (BASEMENT) RM (STG),2011/6/25,2011/6/14,TAX,LRG LANTERN BOX_RENAISSANCE,0,10.94
565,2790_1523 INT ZACKINCHS (BASEMENT) RM (STG),2011/6/25,2011/6/14,LP,2X 16 HANGING LAMP_LOWEINCHS,1,278
566,2790_1523 INT ZACKINCHS (BASEMENT) RM (STG),2011/6/25,2011/6/14,TAX,2X 16 HANGING LAMP_LOWEINCHS,0,24.33
567,2790_1523 INT ZACKINCHS (BASEMENT) RM (STG),2011/6/25,2011/6/14,LP,UTILITY SINK_LOWES,1,97.48
568,2790_1523 INT ZACKINCHS (BASEMENT) RM (STG),2011/6/25,2011/6/14,TAX,UTILITY SINK_LOWES,0,8.53
569,2790_1523 INT ZACKINCHS (BASEMENT) RM (STG),2011/7/2,2011/6/22,LP,1930INCHS TSK TBL LMP_RESTORE HRD,1,179
570,2790_1523 INT ZACKINCHS (BASEMENT) RM (STG),2011/7/2,2011/6/22,TAX,1930INCHS TSK TBL LMP_RESTORE HRD,0,15.66
571,2790_1523 INT ZACKINCHS (BASEMENT) RM (STG),2011/7/2,2011/6/22,LP,LRG CLOCHE GLOBE_RESTORE HRDWR,1,258.33
572,2790_1523 INT ZACKINCHS (BASEMENT) RM (STG),2011/7/2,2011/6/22,LP,BK PERIODIC TALES  A CLUTURE.,0,23.99
573,2790_1523 INT ZACKINCHS (BASEMENT) RM (STG),2011/7/2,2011/6/22,TAX,BK PERIODIC TALES  A CLUTURE.,0,2.1
574,2790_1523 INT ZACKINCHS (BASEMENT) RM (STG),2011/7/2,2011/6/22,LP,BK DOES GOD PLAY DICE B&N,1,22.45
575,2790_1523 INT ZACKINCHS (BASEMENT) RM (STG),2011/7/2,2011/6/22,TAX,BK DOES GOD PLAY DICE B&N,0,1.96
576,2790_1523 INT ZACKINCHS (BASEMENT) RM (STG),2011/7/2,2011/6/22,LP,BK GOD PARTICLE  IF THE UNI..,1,14.35
577,2790_1523 INT ZACKINCHS (BASEMENT) RM (STG),2011/7/2,2011/6/22,TAX,BK GOD PARTICLE  IF THE UNI..,0,1.26
578,2790_1523 INT ZACKINCHS (BASEMENT) RM (STG),2011/7/2,2011/6/22,LP,BK EULERINCHS GEM  THE POLYHED,1,22.36
579,2790_1523 INT ZACKINCHS (BASEMENT) RM (STG),2011/7/2,2011/6/22,TAX,BK EULERINCHS GEM  THE POLYHED,0,1.96
580,2790_1523 INT ZACKINCHS (BASEMENT) RM (STG),2011/7/2,2011/6/22,LP,BK SEX MURDER AND THE... B,1,21.59
581,2790_1523 INT ZACKINCHS (BASEMENT) RM (STG),2011/7/2,2011/6/22,TAX,BK SEX MURDER AND THE... B,0,1.88
582,2790_1523 INT ZACKINCHS (BASEMENT) RM (STG),2011/7/2,2011/6/22,LP,BK KABBALAH CODE B&N,1,18.36
583,2790_1523 INT ZACKINCHS (BASEMENT) RM (STG),2011/7/2,2011/6/22,TAX,BK KABBALAH CODE B&N,0,1.61
584,2790_1523 INT ZACKINCHS (BASEMENT) RM (STG),2011/7/2,2011/6/22,LP,BK PATHG OF SYNCHRONICITY B&,1,14.35
585,2790_1523 INT ZACKINCHS (BASEMENT) RM (STG),2011/7/2,2011/6/22,TAX,BK PATHG OF SYNCHRONICITY B&,0,1.26
586,2790_1523 INT ZACKINCHS (BASEMENT) RM (STG),2011/7/2,2011/6/22,LP,BK FREEING THE GENIE WITHIN,1,15.25
587,2790_1523 INT ZACKINCHS (BASEMENT) RM (STG),2011/7/2,2011/6/22,TAX,BK FREEING THE GENIE WITHIN,0,1.33
588,2790_1523 INT ZACKINCHS (BASEMENT) RM (STG),2011/7/2,2011/6/22,LP,BK BEFORE THE PYRAMIDS B&N,1,16.15
589,2790_1523 INT ZACKINCHS (BASEMENT) RM (STG),2011/7/2,2011/6/22,TAX,BK BEFORE THE PYRAMIDS B&N,0,1.41
590,2790_1523 INT ZACKINCHS (BASEMENT) RM (STG),2011/7/2,2011/6/22,LP,BK GREY ALIENS AND THE.... B,1,25.2
591,2790_1523 INT ZACKINCHS (BASEMENT) RM (STG),2011/7/2,2011/6/22,TAX,BK GREY ALIENS AND THE.... B,0,2.21
592,2790_1523 INT ZACKINCHS (BASEMENT) RM (STG),2011/7/2,2011/6/22,LP,BK THERE WERE GIANTS UPON..B,1,19.2
593,2790_1523 INT ZACKINCHS (BASEMENT) RM (STG),2011/7/2,2011/6/22,TAX,BK THERE WERE GIANTS UPON..B,0,1.68
594,2790_1523 INT ZACKINCHS (BASEMENT) RM (STG),2011/7/2,2011/6/22,LP,BK DARK MISSION  THE SECRET,1,23.35
595,2790_1523 INT ZACKINCHS (BASEMENT) RM (STG),2011/7/2,2011/6/22,TAX,BK DARK MISSION  THE SECRET,0,2.04
596,2790_1529 EXT THEATER,2011/7/2,2011/6/22,LP,MHGNY DONRAD DESK_COST PLUS,1,251.99
597,2790_1529 EXT THEATER,2011/7/2,2011/6/22,TAX,MHGNY DONRAD DESK_COST PLUS,0,22.05
598,2790_1529 EXT THEATER,2011/7/2,2011/6/22,TAX,MED MHGNY DONRAD DESK_COST PLU,0,126
599,2790_1529 EXT THEATER,2011/7/2,2011/6/22,TAX,MED MHGNY DONRAD DESK_COST PLU,0,11.03
600,2790_1529 EXT THEATER,2011/7/2,2011/6/22,LP,2X SM DINING TBLS_COST PLUS,1,359.98
601,2790_1529 EXT THEATER,2011/7/2,2011/6/22,TAX,2X SM DINING TBLS_COST PLUS,0,31.5
602,2790_1533 INT A.P. CHEMISTRY CLASS,2011/7/2,2011/6/14,LP,PSTR_CHART OF E/M SPECTRUM,1,91.15
603,2790_1533 INT A.P. CHEMISTRY CLASS,2011/7/2,2011/6/14,TAX,PSTR_CHART OF E/M SPECTRUM,0,8.21
604,2790_1533 INT A.P. CHEMISTRY CLASS,2011/7/2,2011/6/14,TAX,PSTR_METRIC WALL CHART,0,8.75
605,2790_1533 INT A.P. CHEMISTRY CLASS,2011/7/2,2011/6/14,LP,PSTR_METRIC WALL CHART,1,97.15
606,2790_1533 INT A.P. CHEMISTRY CLASS,2011/7/2,2011/6/23,LP,96X48 DRY ERASE BOARD IVES,1,289.99
607,2790_1533 INT A.P. CHEMISTRY CLASS,2011/7/2,2011/6/23,TAX,96X48 DRY ERASE BOARD IVES,0,26.1
608,2790_1535 INT BOYS BATHROOM,2011/7/2,2011/6/23,LP,1X ACRYLIC MIRROR MCMSTR CARR,1,193.96
609,2790_1535 INT BOYS BATHROOM,2011/7/2,2011/6/23,TAX,1X ACRYLIC MIRROR MCMSTR CARR,0,15.23
610,2790_1539 INT/EXT HALLWAYS SAGAN H.S.,2011/7/9,2011/6/29,LP,8X PLSTC BENCHES MCMSTR CARR,1,2686.26
611,2790_1539 INT/EXT HALLWAYS SAGAN H.S.,2011/7/9,2011/6/29,TAX,8X PLSTC BENCHES MCMSTR CARR,0,219.2
612,2790_1542 EXT METROPOLITAN GATEWAY HOTEL,2011/7/2,2011/6/22,LP,GRY 12X24 CARPET RUNNER,1,494.08
613,2790_1542 EXT METROPOLITAN GATEWAY HOTEL,2011/7/2,2011/6/22,TAX,GRY 12X24 CARPET RUNNER,0,36.23
614,2790_1545 INT HOTEL _ PENTHOUSE (STG),2011/4/20,2011/3/30,LP,BRASS_MARBLE FLR LAMP,1,150
615,2790_1545 INT HOTEL _ PENTHOUSE (STG),2011/4/20,2011/3/30,TAX,BRASS_MARBLE FLR LAMP,0,13.13
616,2790_1545 INT HOTEL _ PENTHOUSE (STG),2011/4/20,2011/3/30,LP,LOFT INDSTRL METAL SDE TBLE,1,295
617,2790_1545 INT HOTEL _ PENTHOUSE (STG),2011/4/20,2011/3/30,TAX,LOFT INDSTRL METAL SDE TBLE,0,25.81
618,2790_1545 INT HOTEL _ PENTHOUSE (STG),2011/4/20,2011/3/30,LP,2X HI QLTY TBLE LAMPS,1,470
619,2790_1545 INT HOTEL _ PENTHOUSE (STG),2011/4/20,2011/3/30,TAX,2X HI QLTY TBLE LAMPS,0,41.12
620,2790_1545 INT HOTEL _ PENTHOUSE (STG),2011/4/20,2011/3/31,XX,13x MAUVE MINI BLINDS,1,"2,210"
621,2790_1545 INT HOTEL _ PENTHOUSE (STG),2011/4/15,2011/4/5,LP,2XDKW OVATION CONSOLES,1,478
622,2790_1545 INT HOTEL _ PENTHOUSE (STG),2011/4/15,2011/4/5,TAX,2XDKW OVATION CONSOLES,0,41.83
623,2790_1545 INT HOTEL _ PENTHOUSE (STG),2011/4/15,2011/4/5,LP,2DRWR ZEN DESK,1,649
624,2790_1545 INT HOTEL _ PENTHOUSE (STG),2011/4/15,2011/4/5,TAX,2DRWR ZEN DESK,0,56.79
625,2790_1545 INT HOTEL _ PENTHOUSE (STG),2011/4/15,2011/4/5,LP,BLK CHANO TV TBLE,1,799
626,2790_1545 INT HOTEL _ PENTHOUSE (STG),2011/4/15,2011/4/5,TAX,BLK CHANO TV TBLE,0,69.91
627,2790_1545 INT HOTEL _ PENTHOUSE (STG),2011/4/15,2011/4/5,LP,BRAVO DBL DRESSER,1,599
628,2790_1545 INT HOTEL _ PENTHOUSE (STG),2011/4/15,2011/4/5,TAX,BRAVO DBL DRESSER,0,52.41
629,2790_1545 INT HOTEL _ PENTHOUSE (STG),2011/4/15,2011/4/5,LP,TORINO ARM CHAIR,1,718
630,2790_1545 INT HOTEL _ PENTHOUSE (STG),2011/4/15,2011/4/5,TAX,TORINO ARM CHAIR,0,62.83
631,2790_1545 INT HOTEL _ PENTHOUSE (STG),2011/4/15,2011/4/5,LP,KATES BOUQUET W/LION VASE,1,365
632,2790_1545 INT HOTEL _ PENTHOUSE (STG),2011/4/15,2011/4/5,TAX,KATES BOUQUET W/LION VASE,0,31.94
633,2790_1545 INT HOTEL _ PENTHOUSE (STG),2011/4/15,2011/4/5,LP,2X 2DRWR SARDINA NIGHT STAND,1,858
634,2790_1545 INT HOTEL _ PENTHOUSE (STG),2011/4/15,2011/4/5,TAX,2X 2DRWR SARDINA NIGHT STAND,0,75.08
635,2790_1545 INT HOTEL _ PENTHOUSE (STG),2011/4/15,2011/4/5,LP,BLK DRESSER,1,495
636,2790_1545 INT HOTEL _ PENTHOUSE (STG),2011/4/15,2011/4/5,TAX,BLK DRESSER,0,43.31
637,2790_1545 INT HOTEL _ PENTHOUSE (STG),2011/4/15,2011/4/5,LP,ESPRESSO COFFEE TBLE,1,198
638,2790_1545 INT HOTEL _ PENTHOUSE (STG),2011/4/15,2011/4/5,TAX,ESPRESSO COFFEE TBLE,0,17.33
639,2790_1545 INT HOTEL _ PENTHOUSE (STG),2011/4/15,2011/4/5,LP,LIBSON ALUMINUM CHAIR,1,299
640,2790_1545 INT HOTEL _ PENTHOUSE (STG),2011/4/15,2011/4/5,TAX,LIBSON ALUMINUM CHAIR,0,26.16
641,2790_1545 INT HOTEL _ PENTHOUSE (STG),2011/4/15,2011/4/5,LP,ROMA TV ARMOIRE COFFEE,1,450
642,2790_1545 INT HOTEL _ PENTHOUSE (STG),2011/4/15,2011/4/5,TAX,ROMA TV ARMOIRE COFFEE,0,39.38
643,2790_1545 INT HOTEL _ PENTHOUSE (STG),2011/4/15,2011/4/5,LP,BUNGIE LOW BCK OFC CHAIR,1,199
644,2790_1545 INT HOTEL _ PENTHOUSE (STG),2011/4/15,2011/4/5,TAX,BUNGIE LOW BCK OFC CHAIR,0,17.41
645,2790_1545 INT HOTEL _ PENTHOUSE (STG),2011/4/15,2011/4/5,LP,WALNUT CRESCENT DESK,1,250
646,2790_1545 INT HOTEL _ PENTHOUSE (STG),2011/4/15,2011/4/5,TAX,WALNUT CRESCENT DESK,0,21.88
647,2790_1545 INT HOTEL _ PENTHOUSE (STG),2011/4/15,2011/4/5,LP,WALNUT LATERAL DSK FILE CABNT,1,341
648,2790_1545 INT HOTEL _ PENTHOUSE (STG),2011/4/15,2011/4/5,TAX,WALNUT LATERAL DSK FILE CABNT,0,29.84
649,2790_1545 INT HOTEL _ PENTHOUSE (STG),2011/4/15,2011/4/5,LP,3X WALNUT HUTCH 32X43,6,510
650,2790_1545 INT HOTEL _ PENTHOUSE (STG),2011/4/15,2011/4/5,TAX,3X WALNUT HUTCH 32X43,0,44.6
651,2790_1545 INT HOTEL _ PENTHOUSE (STG),2011/4/15,2011/4/7,LP,FRIGIDAIRE STNLESS VENTHOOD,1,79.98
652,2790_1545 INT HOTEL _ PENTHOUSE (STG),2011/4/15,2011/4/7,TAX,FRIGIDAIRE STNLESS VENTHOOD,0,7
653,2790_1545 INT HOTEL _ PENTHOUSE (STG),2011/4/15,2011/4/7,LP,GE STNLESS MICROWAVE COMEAUX,1,308.99
654,2790_1545 INT HOTEL _ PENTHOUSE (STG),2011/4/15,2011/4/7,TAX,GE STNLESS MICROWAVE COMEAUX,0,27.81
655,2790_1545 INT HOTEL _ PENTHOUSE (STG),2011/4/15,2011/4/7,LP,FRGDR STNLSS GAS STV COUMEAUX,1,393.6
656,2790_1545 INT HOTEL _ PENTHOUSE (STG),2011/4/15,2011/4/7,TAX,FRGDR STNLSS GAS STV COUMEAUX,0,34.44
657,2790_1545 INT HOTEL _ PENTHOUSE (STG),2011/4/15,2011/4/7,LP,BAR SINK_LOWES,1,95
658,2790_1545 INT HOTEL _ PENTHOUSE (STG),2011/4/15,2011/4/7,TAX,BAR SINK_LOWES,0,8.31
659,2790_1545 INT HOTEL _ PENTHOUSE (STG),2011/4/15,2011/4/7,LP,WHT MAGICCHEF REFER_HOME DEPOT,1,298
660,2790_1545 INT HOTEL _ PENTHOUSE (STG),2011/4/15,2011/4/7,TAX,WHT MAGICCHEF REFER_HOME DEPOT,0,26.82
661,2790_1545 INT HOTEL _ PENTHOUSE (STG),2011/4/15,2011/4/7,LP,2XMALAY NGHTSTNDS_COSTPLUS,1,259.98
662,2790_1545 INT HOTEL _ PENTHOUSE (STG),2011/4/15,2011/4/7,TAX,2XMALAY NGHTSTNDS_COSTPLUS,0,22.75
663,2790_1545 INT HOTEL _ PENTHOUSE (STG),2011/4/15,2011/4/7,LP,OATML DRAPER BED_COSTPLUS,1,399.99
664,2790_1545 INT HOTEL _ PENTHOUSE (STG),2011/4/15,2011/4/7,TAX,OATML DRAPER BED_COSTPLUS,0,35
665,2790_1545 INT HOTEL _ PENTHOUSE (STG),2011/4/15,2011/4/7,LP,3X MOCHA MURPHY SOFA_COSTPLUS,16,1799.97
666,2790_1545 INT HOTEL _ PENTHOUSE (STG),2011/4/15,2011/4/7,TAX,3X MOCHA MURPHY SOFA_COSTPLUS,0,157.5
667,2790_1545 INT HOTEL _ PENTHOUSE (STG),2011/4/15,2011/4/7,LP,2X CREAM CHRS_LE BOULEVARD,4,320
668,2790_1545 INT HOTEL _ PENTHOUSE (STG),2011/4/15,2011/4/7,TAX,2X CREAM CHRS_LE BOULEVARD,0,28
669,2790_1545 INT HOTEL _ PENTHOUSE (STG),2011/4/15,2011/4/7,LP,PALM GROVE CHR_ETHAN ALLEN,1,395
670,2790_1545 INT HOTEL _ PENTHOUSE (STG),2011/4/15,2011/4/7,LP,DONATELLA CONSOLE_ETHAN ALLEN,1,638
671,2790_1545 INT HOTEL _ PENTHOUSE (STG),2011/4/15,2011/4/7,TAX,DONATELLA CONSOLE_ETHAN ALLEN,0,55.83
672,2790_1545 INT HOTEL _ PENTHOUSE (STG),2011/4/15,2011/4/7,LP,PEDESTAL TBL_ETHAN ALLEN,1,350
673,2790_1545 INT HOTEL _ PENTHOUSE (STG),2011/4/15,2011/4/7,TAX,PEDESTAL TBL_ETHAN ALLEN,0,30.63
674,2790_1545 INT HOTEL _ PENTHOUSE (STG),2011/4/15,2011/4/7,LP,PINEAPPLE BOOKENDS_ETHAN ALLEN,1,135
675,2790_1545 INT HOTEL _ PENTHOUSE (STG),2011/4/15,2011/4/7,TAX,PINEAPPLE BOOKENDS_ETHAN ALLEN,0,11.81
676,2790_1545 INT HOTEL _ PENTHOUSE (STG),2011/4/15,2011/4/7,LP,BLK TWIST LAMP_ETHAN ALLEN,1,189
677,2790_1545 INT HOTEL _ PENTHOUSE (STG),2011/4/15,2011/4/7,TAX,BLK TWIST LAMP_ETHAN ALLEN,0,16.54
678,2790_1545 INT HOTEL _ PENTHOUSE (STG),2011/4/15,2011/4/7,LP,LRG SVC TRAY_ETHAN ALLEN,1,101
679,2790_1545 INT HOTEL _ PENTHOUSE (STG),2011/4/15,2011/4/7,TAX,LRG SVC TRAY_ETHAN ALLEN,0,8.84
680,2790_1545 INT HOTEL _ PENTHOUSE (STG),2011/4/15,2011/4/7,LP,NIKKO BOUND_ETHAN ALLEN,1,419
681,2790_1545 INT HOTEL _ PENTHOUSE (STG),2011/4/15,2011/4/7,TAX,NIKKO BOUND_ETHAN ALLEN,0,36.66
682,2790_1545 INT HOTEL _ PENTHOUSE (STG),2011/4/15,2011/4/7,LP,2X PORCELAIN TBL LAMP_ETHAN AL,1,358
683,2790_1545 INT HOTEL _ PENTHOUSE (STG),2011/4/15,2011/4/7,TAX,2X PORCELAIN TBL LAMP_ETHAN AL,0,31.32
684,2790_1545 INT HOTEL _ PENTHOUSE (STG),2011/4/15,2011/4/7,LP,LRG CANVAS BOX_ETHAN ALLEN,1,179
685,2790_1545 INT HOTEL _ PENTHOUSE (STG),2011/4/15,2011/4/7,TAX,LRG CANVAS BOX_ETHAN ALLEN,0,15.66
686,2790_1545 INT HOTEL _ PENTHOUSE (STG),2011/4/15,2011/4/7,LP,WHT TWIST TBL LAMP_ETHAN ALLEN,1,198
687,2790_1545 INT HOTEL _ PENTHOUSE (STG),2011/4/15,2011/4/7,TAX,WHT TWIST TBL LAMP_ETHAN ALLEN,0,17.33
688,2790_1545 INT HOTEL _ PENTHOUSE (STG),2011/4/15,2011/4/7,LP,BRONZE URN_ETHAN ALLEN,1,119.5
689,2790_1545 INT HOTEL _ PENTHOUSE (STG),2011/4/15,2011/4/7,TAX,BRONZE URN_ETHAN ALLEN,0,10.46
690,2790_1545 INT HOTEL _ PENTHOUSE (STG),2011/4/15,2011/4/7,LP,ECHO BENCH_ETHAN ALLEN,1,305
691,2790_1545 INT HOTEL _ PENTHOUSE (STG),2011/4/15,2011/4/7,TAX,ECHO BENCH_ETHAN ALLEN,0,26.69
692,2790_1545 INT HOTEL _ PENTHOUSE (STG),2011/4/15,2011/4/7,TAX,PALM GROVE CHR_ETHAN ALLEN,0,34.56
693,2790_1545 INT HOTEL _ PENTHOUSE (STG),2011/4/15,2011/4/7,LP,SM PATTERN CANVAS BOX_ETHAN AL,1,170
694,2790_1545 INT HOTEL _ PENTHOUSE (STG),2011/4/15,2011/4/7,TAX,SM PATTERN CANVAS BOX_ETHAN AL,0,14.88
695,2790_1545 INT HOTEL _ PENTHOUSE (STG),2011/4/15,2011/4/7,LP,MINK END TABLE_ETHAN ALLEN,1,449
696,2790_1545 INT HOTEL _ PENTHOUSE (STG),2011/4/15,2011/4/7,TAX,MINK END TABLE_ETHAN ALLEN,0,40.41
697,2790_1545 INT HOTEL _ PENTHOUSE (STG),2011/4/15,2011/4/7,LP,2X MAHOGANY CABINET_LE BOULEVA,4,698
698,2790_1545 INT HOTEL _ PENTHOUSE (STG),2011/4/15,2011/4/7,TAX,2X MAHOGANY CABINET_LE BOULEVA,0,61.08
699,2790_1545 INT HOTEL _ PENTHOUSE (STG),2011/4/20,2011/4/12,LP,2X CLUB CHAIRS,4,700
700,2790_1545 INT HOTEL _ PENTHOUSE (STG),2011/4/20,2011/4/12,LP,UPHLSTRD QUEEN HDBRD INSERT,1,100
701,2790_1545 INT HOTEL _ PENTHOUSE (STG),2011/4/20,2011/4/12,TAX,UPHLSTRD QUEEN HDBRD INSERT,0,8.75
702,2790_1545 INT HOTEL _ PENTHOUSE (STG),2011/4/20,2011/4/12,LP,CHOC QUEEN BED,1,919
703,2790_1545 INT HOTEL _ PENTHOUSE (STG),2011/4/20,2011/4/12,TAX,CHOC QUEEN BED,0,80.41
704,2790_1545 INT HOTEL _ PENTHOUSE (STG),2011/4/20,2011/4/12,LP,4_ARM NICKEL CHANDELIER,1,699
705,2790_1545 INT HOTEL _ PENTHOUSE (STG),2011/4/20,2011/4/12,TAX,4_ARM NICKEL CHANDELIER,0,61.16
706,2790_1545 INT HOTEL _ PENTHOUSE (STG),2011/4/20,2011/4/12,LP,FAUX LILACS IN SQR GLASS VASE,1,280
707,2790_1545 INT HOTEL _ PENTHOUSE (STG),2011/4/20,2011/4/12,TAX,FAUX LILACS IN SQR GLASS VASE,0,24.5
708,2790_1545 INT HOTEL _ PENTHOUSE (STG),2011/4/20,2011/4/12,LP,SHAPED LEG TABLE,1,499
709,2790_1545 INT HOTEL _ PENTHOUSE (STG),2011/4/20,2011/4/12,TAX,SHAPED LEG TABLE,0,43.66
710,2790_1545 INT HOTEL _ PENTHOUSE (STG),2011/4/20,2011/4/12,LP,ADLER OVAL COFFEE TABLE,1,829
711,2790_1545 INT HOTEL _ PENTHOUSE (STG),2011/4/20,2011/4/12,TAX,ADLER OVAL COFFEE TABLE,0,72.54
712,2790_1545 INT HOTEL _ PENTHOUSE (STG),2011/4/20,2011/4/12,LP,MODERN TRAY TABLE,1,539
713,2790_1545 INT HOTEL _ PENTHOUSE (STG),2011/4/20,2011/4/12,TAX,MODERN TRAY TABLE,0,47.16
714,2790_1545 INT HOTEL _ PENTHOUSE (STG),2011/4/20,2011/4/12,LP,5.5INCH FAUX PALM IN VASE,1,349
715,2790_1545 INT HOTEL _ PENTHOUSE (STG),2011/4/20,2011/4/12,TAX,5.5INCH FAUX PALM IN VASE,0,30.54
716,2790_1545 INT HOTEL _ PENTHOUSE (STG),2011/4/20,2011/4/12,LP,PLUM VASE CYLINDER LAMP,1,199
717,2790_1545 INT HOTEL _ PENTHOUSE (STG),2011/4/20,2011/4/12,TAX,PLUM VASE CYLINDER LAMP,0,17.42
718,2790_1545 INT HOTEL _ PENTHOUSE (STG),2011/4/20,2011/4/12,LP,FAUX ORCHID IN BRONZE BOWL,1,202
719,2790_1545 INT HOTEL _ PENTHOUSE (STG),2011/4/20,2011/4/12,TAX,FAUX ORCHID IN BRONZE BOWL,0,17.67
720,2790_1545 INT HOTEL _ PENTHOUSE (STG),2011/4/20,2011/4/12,LP,VINTAGE BEACH RUG,1,599
721,2790_1545 INT HOTEL _ PENTHOUSE (STG),2011/4/20,2011/4/12,TAX,VINTAGE BEACH RUG,0,52.41
722,2790_1545 INT HOTEL _ PENTHOUSE (STG),2011/4/20,2011/4/12,LP,2X QUEEN MATTRESSES,1,400
723,2790_1545 INT HOTEL _ PENTHOUSE (STG),2011/4/20,2011/4/12,TAX,2X QUEEN MATTRESSES,0,35
724,2790_1545 INT HOTEL _ PENTHOUSE (STG),2011/4/20,2011/4/12,LP,TURNED WOOD FLOOR LAMP,1,629
725,2790_1545 INT HOTEL _ PENTHOUSE (STG),2011/4/20,2011/4/12,TAX,TURNED WOOD FLOOR LAMP,0,55.04
726,2790_1545 INT HOTEL _ PENTHOUSE (STG),2011/4/20,2011/4/19,LP,3X ACCENT LAMPS_HOBBY LOBBY,1,179.98
727,2790_1545 INT HOTEL _ PENTHOUSE (STG),2011/4/29,2011/4/19,TAX,3X ACCENT LAMPS_HOBBY LOBBY,0,16.2
728,2790_1545 INT HOTEL _ PENTHOUSE (STG),2011/4/29,2011/4/19,LP,2X M.O.P. LAMPS_PIER 1,1,300
729,2790_1545 INT HOTEL _ PENTHOUSE (STG),2011/4/29,2011/4/19,TAX,2X M.O.P. LAMPS_PIER 1,0,26.25
730,2790_1545 INT HOTEL _ PENTHOUSE (STG),2011/4/29,2011/4/19,LP,3X BRN LTHR BARSTLS_PIER1,1,509.85
731,2790_1545 INT HOTEL _ PENTHOUSE (STG),2011/4/29,2011/4/19,TAX,3X BRN LTHR BARSTLS_PIER1,0,44.61
732,2790_1545 INT HOTEL _ PENTHOUSE (STG),2011/4/29,2011/4/19,LP,3X BRN LTHR BARSTLS_PIER 1,1,509.85
733,2790_1545 INT HOTEL _ PENTHOUSE (STG),2011/4/29,2011/4/19,TAX,3X BRN LTHR BARSTLS_PIER 1,0,44.61
734,2790_1545 INT HOTEL _ PENTHOUSE (STG),2011/4/29,2011/4/19,LP,2X QUEEN COMFORTER_BB&B,4,299.98
735,2790_1545 INT HOTEL _ PENTHOUSE (STG),2011/4/29,2011/4/19,TAX,2X QUEEN COMFORTER_BB&B,0,26.25
736,2790_1545 INT HOTEL _ PENTHOUSE (STG),2011/4/29,2011/4/19,LP,BAL DUE 5PR CREAM SHEERS W/ROD,1,390.87
737,2790_1545 INT HOTEL _ PENTHOUSE (STG),2011/4/29,2011/4/19,TAX,BAL DUE 5PR CREAM SHEERS W/ROD,0,35.18
738,2790_1545 INT HOTEL _ PENTHOUSE (STG),2011/4/29,2011/4/19,LP,BAL DUE 3X LINED FABRC DRPES,1,225
739,2790_1545 INT HOTEL _ PENTHOUSE (STG),2011/4/29,2011/4/19,TAX,BAL DUE 3X LINED FABRC DRPES,0,20.25
740,2790_1545 INT HOTEL _ PENTHOUSE (STG),2011/4/29,2011/4/19,LP,BAL DUE 9X RODS,1,250.65
741,2790_1545 INT HOTEL _ PENTHOUSE (STG),2011/4/29,2011/4/19,TAX,BAL DUE 9X RODS,0,22.56
742,2790_1545 INT HOTEL _ PENTHOUSE (STG),2011/4/29,2011/4/19,LP,BAL DUE DRAPERY INSTALLATION,1,888.98
743,2790_1545 INT HOTEL _ PENTHOUSE (STG),2011/4/29,2011/4/19,LP,MANAGER CHAIR OFFICE MAX,1,139.99
744,2790_1545 INT HOTEL _ PENTHOUSE (STG),2011/4/29,2011/4/19,TAX,MANAGER CHAIR OFFICE MAX,0,12.25
745,2790_1545 INT HOTEL _ PENTHOUSE (STG),2011/5/8,2011/4/28,LP,PMT 1OF2 30X30 POSTER FRAME_LE,1,89.2
746,2790_1545 INT HOTEL _ PENTHOUSE (STG),2011/5/8,2011/4/28,LP,PMT 1OF2 26X26 FRM W/GLASS_LEM,1,143.23
747,2790_1545 INT HOTEL _ PENTHOUSE (STG),2011/5/8,2011/4/28,LP,PMT 1OF2 (3)26X26 FRMS_LEMIEUX,1,229.94
748,2790_1545 INT HOTEL _ PENTHOUSE (STG),2011/5/8,2011/4/28,LP,PMT 1OF2 18X36 FRM W/GLASS_LEM,1,124.64
749,2790_1545 INT HOTEL _ PENTHOUSE (STG),2011/5/8,2011/4/28,LP,PMT 1OF2 (3)18X36 FRMS _LEMIEU,1,328.91
750,2790_1545 INT HOTEL _ PENTHOUSE (STG),2011/5/8,2011/4/28,LP,PMT 1OF2 (2)24X12 FRM_LEMIEUX,1,99.04
751,2790_1545 INT HOTEL _ PENTHOUSE (STG),2011/5/8,2011/4/28,LP,PMT 1OF2 (6)24X12 FRM_LEMIEUX,1,225
752,2790_1545 INT HOTEL _ PENTHOUSE (STG),2011/5/8,2011/4/28,LP,PMT 1OF2 30X8 FRM_LEMIEUX,1,77.62
753,2790_1545 INT HOTEL _ PENTHOUSE (STG),2011/5/8,2011/4/28,LP,PMT 1OF2 18X18 FRM_LEMIEUX,1,98.04
754,2790_1545 INT HOTEL _ PENTHOUSE (STG),2011/5/8,2011/4/28,LP,OATML DRAPER BED_COST PLUS,1,399.99
755,2790_1545 INT HOTEL _ PENTHOUSE (STG),2011/5/8,2011/4/28,TAX,OATML DRAPER BED_COST PLUS,0,36
756,2790_1545 INT HOTEL _ PENTHOUSE (STG),2011/5/8,2011/4/28,LP,BRN LTHR BARSTOOL_PIER 1,1,169.95
757,2790_1545 INT HOTEL _ PENTHOUSE (STG),2011/5/8,2011/4/28,TAX,BRN LTHR BARSTOOL_PIER 1,0,14.87
758,2790_1545 INT HOTEL _ PENTHOUSE (STG),2011/5/8,2011/4/28,LP,MURPHY MOCHA SOFA_PIER 1,1,589.99
759,2790_1545 INT HOTEL _ PENTHOUSE (STG),2011/5/8,2011/4/28,TAX,MURPHY MOCHA SOFA_PIER 1,0,51.62
760,2790_1545 INT HOTEL _ PENTHOUSE (STG),2011/5/8,2011/4/28,LP,MURPHY MOCHA SOFA,1,599.99
761,2790_1545 INT HOTEL _ PENTHOUSE (STG),2011/5/8,2011/4/28,TAX,MURPHY MOCHA SOFA,0,52.5
762,2790_1545 INT HOTEL _ PENTHOUSE (STG),2011/5/8,2011/4/28,LP,2X FOGO SIDE CHRS_SCANDINAVIA,1,358
763,2790_1545 INT HOTEL _ PENTHOUSE (STG),2011/5/8,2011/4/28,TAX,2X FOGO SIDE CHRS_SCANDINAVIA,0,31.33
764,2790_1545 INT HOTEL _ PENTHOUSE (STG),2011/5/8,2011/4/28,LP,CRM COMFORTER SET_BB&B,1,179.99
765,2790_1545 INT HOTEL _ PENTHOUSE (STG),2011/5/8,2011/4/28,TAX,CRM COMFORTER SET_BB&B,0,15.75
766,2790_1545 INT HOTEL _ PENTHOUSE (STG),2011/5/8,2011/4/28,LP,MURPHY MOCHA SOFA_COSTPLUS,1,599.99
767,2790_1545 INT HOTEL _ PENTHOUSE (STG),2011/5/8,2011/4/28,TAX,MURPHY MOCHA SOFA_COSTPLUS,0,52.5
768,2790_1545 INT HOTEL _ PENTHOUSE (STG),2011/5/8,2011/4/28,LP,WHT CEILING FAN_LIGHTING INC,1,242.9
769,2790_1545 INT HOTEL _ PENTHOUSE (STG),2011/5/8,2011/4/28,TAX,WHT CEILING FAN_LIGHTING INC,0,21.86
770,2790_1545 INT HOTEL _ PENTHOUSE (STG),2011/5/8,2011/4/28,LP,2X BRZN SCONES_LIGHTING INC,1,230
771,2790_1545 INT HOTEL _ PENTHOUSE (STG),2011/5/8,2011/4/28,TAX,2X BRZN SCONES_LIGHTING INC,0,20.7
772,2790_1545 INT HOTEL _ PENTHOUSE (STG),2011/5/8,2011/4/28,LP,NKL/MHGNY CEILING FAN_LIGHTING,1,539.9
773,2790_1545 INT HOTEL _ PENTHOUSE (STG),2011/5/8,2011/4/28,TAX,NKL/MHGNY CEILING FAN_LIGHTING,0,48.59
774,2790_1545 INT HOTEL _ PENTHOUSE (STG),2011/5/8,2011/4/28,LP,BRSHD NKL CEILING FAN_LIGHTING,1,278.9
775,2790_1545 INT HOTEL _ PENTHOUSE (STG),2011/5/8,2011/4/28,TAX,BRSHD NKL CEILING FAN_LIGHTING,0,25.1
776,2790_1545 INT HOTEL _ PENTHOUSE (STG),2011/5/8,2011/4/28,LP,IVRY CRCKLE TBL LMP_LIGHTING I,1,131
777,2790_1545 INT HOTEL _ PENTHOUSE (STG),2011/5/8,2011/4/28,TAX,IVRY CRCKLE TBL LMP_LIGHTING I,0,11.79
778,2790_1545 INT HOTEL _ PENTHOUSE (STG),2011/5/8,2011/4/28,LP,SWAG CHROME FLR LAMP_LIGHTING,1,229
779,2790_1545 INT HOTEL _ PENTHOUSE (STG),2011/5/8,2011/4/28,TAX,SWAG CHROME FLR LAMP_LIGHTING,0,20.61
780,2790_1545 INT HOTEL _ PENTHOUSE (STG),2011/5/8,2011/4/28,LP,46 DYNEX TV_BESTBUY,1,549.99
781,2790_1545 INT HOTEL _ PENTHOUSE (STG),2011/5/8,2011/4/28,TAX,46 DYNEX TV_BESTBUY,0,48.12
782,2790_1545 INT HOTEL _ PENTHOUSE (STG),2011/5/8,2011/4/28,LP,4X BLK/GOLD PLANT URNS PERINOS,1,500
783,2790_1545 INT HOTEL _ PENTHOUSE (STG),2011/5/8,2011/4/28,TAX,4X BLK/GOLD PLANT URNS PERINOS,0,43.75
784,2790_1545 INT HOTEL _ PENTHOUSE (STG),2011/5/8,2011/4/29,LP,BOX SPRING BIG LOTS,1,130
785,2790_1545 INT HOTEL _ PENTHOUSE (STG),2011/5/8,2011/4/29,TAX,BOX SPRING BIG LOTS,0,11.38
786,2790_1545 INT HOTEL _ PENTHOUSE (STG),2011/5/15,2011/5/4,LP,2OF2 30X30 PSTR FRM#LJ234927,2,89.2
787,2790_1545 INT HOTEL _ PENTHOUSE (STG),2011/5/15,2011/5/4,LP,1OF2 26X26 FRM W/GLS_LEMIEUX,2,143.23
788,2790_1545 INT HOTEL _ PENTHOUSE (STG),2011/5/15,2011/5/4,LP,2OF2 3X 26X26 FRMS_LEMIEUX,2,503.08
789,2790_1545 INT HOTEL _ PENTHOUSE (STG),2011/5/15,2011/5/4,LP,2OF2 18X36 FRM W/GLS_LEMIEUX,2,124.64
790,2790_1545 INT HOTEL _ PENTHOUSE (STG),2011/5/15,2011/5/4,LP,2OF2 3X 18X36 FRMS_LEMIEUX,2,328.91
791,2790_1545 INT HOTEL _ PENTHOUSE (STG),2011/5/15,2011/5/4,LP,2OF2 2X 24X12 FRM W/GLS,2,99.04
792,2790_1545 INT HOTEL _ PENTHOUSE (STG),2011/5/15,2011/5/4,LP,2OF2 6X 24X12 FRMS_LEMIEUX,2,225
793,2790_1545 INT HOTEL _ PENTHOUSE (STG),2011/5/15,2011/5/4,LP,2OF2 30X8 FRM W/GLS_LEMIEUX,2,77.61
794,2790_1545 INT HOTEL _ PENTHOUSE (STG),2011/5/15,2011/5/4,LP,2OF2 18X18 FRM W/GLS_LEMIEUX,2,98.05
795,2790_1545 INT HOTEL _ PENTHOUSE (STG),2011/5/15,2011/5/4,LP,HEADBOARD PANEL,0,128
796,2790_1545 INT HOTEL _ PENTHOUSE (STG),2011/5/15,2011/5/4,TAX,HEADBOARD PANEL,0,6.4
797,2790_1545 INT HOTEL _ PENTHOUSE (STG),2011/5/20,2011/5/5,XX,6X MAUVE MINI BLINDS,0,"1,080"
798,2790_1545 INT HOTEL _ PENTHOUSE (STG),2011/5/20,2011/5/5,LP,FIXTURE WALL BRACKET,2,183
799,2790_1545 INT HOTEL _ PENTHOUSE (STG),2011/5/20,2011/5/5,TAX,FIXTURE WALL BRACKET,0,16.47
800,2790_1545 INT HOTEL _ PENTHOUSE (STG),2011/5/20,2011/5/10,LP,QN COMFORTER SET_BB&B,1,149.99
801,2790_1545 INT HOTEL _ PENTHOUSE (STG),2011/5/20,2011/5/10,LP,QN COMFORTER SET_BB&B,0,13.12
802,2790_1545 INT HOTEL _ PENTHOUSE (STG),2011/5/20,2011/5/10,LP,2X DRAPER BEDS_COST PLUS,1,560
803,2790_1545 INT HOTEL _ PENTHOUSE (STG),2011/5/20,2011/5/10,TAX,2X DRAPER BEDS_COST PLUS,0,49
804,2790_1545 INT HOTEL _ PENTHOUSE (STG),2011/5/20,2011/5/10,LP,DYSON UPRIGHT VACUUM_HMDEPOT,1,399
805,2790_1545 INT HOTEL _ PENTHOUSE (STG),2011/5/20,2011/5/10,TAX,DYSON UPRIGHT VACUUM_HMDEPOT,0,35.91
806,2790_1545 INT HOTEL _ PENTHOUSE (STG),2011/6/12,2011/5/12,LP,PLEXIGLASS DESKTOP,1,127.86
807,2790_1545 INT HOTEL _ PENTHOUSE (STG),2011/6/12,2011/5/12,TAX,PLEXIGLASS DESKTOP,0,11.51
808,2790_1545 INT HOTEL _ PENTHOUSE (STG),2011/6/12,2011/5/12,LP,4X 46 LCD HDTVINCHS_BESTBUY,1,2603.88
809,2790_1545 INT HOTEL _ PENTHOUSE (STG),2011/6/12,2011/5/12,TAX,4X 46 LCD HDTVINCHS_BESTBUY,0,234.35
810,2790_1545 INT HOTEL _ PENTHOUSE (STG),2011/6/12,2011/6/1,XX,ELEVATOR BTTNS/ARROWS,1,1984
811,2790_1545 INT HOTEL _ PENTHOUSE (STG),2011/6/12,2011/6/1,XX,ELEVATOR BTTNS/ARROWS_SHIPPING,0,304.19
812,2790_1545 INT HOTEL _ PENTHOUSE (STG),2011/5/5,2011/4/5,LP,COMO WALNUT DBL DRESSER,1,"1,049"
813,2790_1545 INT HOTEL _ PENTHOUSE (STG),2011/5/5,2011/4/5,TAX,COMO WALNUT DBL DRESSER,0,91.79
814,2790_1545 INT HOTEL _ PENTHOUSE (STG),2011/5/5,2011/4/5,LP,SAVANNAH WARDROBE,1,920
815,2790_1545 INT HOTEL _ PENTHOUSE (STG),2011/5/5,2011/4/5,TAX,SAVANNAH WARDROBE,0,80.5
816,2790_1559 EXT METRO STREETS_LIMO FINALE,2011/6/12,2011/6/2,LP,GAS PUMP,1,700
817,2790_1583 INT BILLIAM WILLINGHAM BEDROOM,2011/6/12,2011/6/2,LP,BRNZ 3LT CHANDELIER_LOWES,0,92
818,2790_1583 INT BILLIAM WILLINGHAM BEDROOM,2011/6/12,2011/6/2,TAX,BRNZ 3LT CHANDELIER_LOWES,1,8.05
819,2790_1583 INT BILLIAM WILLINGHAM BEDROOM,2011/6/12,2011/6/2,LP,TOY GRAND PIANO_MAGICBOXTOYS,0,159.99
820,2790_1583 INT BILLIAM WILLINGHAM BEDROOM,2011/6/12,2011/6/2,TAX,TOY GRAND PIANO_MAGICBOXTOYS,1,14.4
821,2790_1583 INT BILLIAM WILLINGHAM BEDROOM,2011/6/12,2011/6/8,LP,1X YAMAHA KEYBOARD_GUITAR CNTR,0,159.99
822,2790_1583 INT BILLIAM WILLINGHAM BEDROOM,2011/6/12,2011/6/8,TAX,1X YAMAHA KEYBOARD_GUITAR CNTR,1,14
823,2790_1583 INT BILLIAM WILLINGHAM BEDROOM,2011/6/12,2011/6/9,XX,RMB 1X STEEL DRUM BILLBOBAGEND,0,224
824,2790_1583 INT BILLIAM WILLINGHAM BEDROOM,2011/6/12,2011/6/9,LP,SERTA BX SPRING BIG LOTS,1,100
825,2790_1583 INT BILLIAM WILLINGHAM BEDROOM,2011/6/12,2011/6/9,TAX,SERTA BX SPRING BIG LOTS,0,8.75
826,2790_1583 INT BILLIAM WILLINGHAM BEDROOM,2011/6/26,2011/6/16,LP,TBL LMP W/WOOD SLT SHD_CSF,1,114.94
827,2790_1583 INT BILLIAM WILLINGHAM BEDROOM,2011/6/26,2011/6/16,TAX,TBL LMP W/WOOD SLT SHD_CSF,0,10.06
828,2790_1583 INT BILLIAM WILLINGHAM BEDROOM,2011/6/26,2011/6/16,LP,2 SHELF BOOK SHELF_CSF,1,252.87
829,2790_1583 INT BILLIAM WILLINGHAM BEDROOM,2011/6/26,2011/6/16,TAX,2 SHELF BOOK SHELF_CSF,0,22.13
830,2790_1583 INT BILLIAM WILLINGHAM BEDROOM,2011/6/26,2011/6/16,LP,ABSTRACT PAINTING_CSF,1,250
831,2790_1583 INT BILLIAM WILLINGHAM BEDROOM,2011/6/26,2011/6/16,TAX,ABSTRACT PAINTING_CSF,0,21.88
832,2790_1583 INT BILLIAM WILLINGHAM BEDROOM,2011/6/26,2011/6/16,LP,BANNOCK COFFEE TBL_CSF,1,363.22
833,2790_1583 INT BILLIAM WILLINGHAM BEDROOM,2011/6/26,2011/6/16,TAX,BANNOCK COFFEE TBL_CSF,0,31.77
834,2790_1584 EXT CHICKEN TRUCK,2011/6/26,2011/5/17,LP,2X FUEL PUMPS,1,5000
835,2790_1587 INT POLICE ACAD ORIENTATION RM,2011/7/22,2011/6/22,XX,72X48 SLVR GROMMET EXT FLAG,10,245
836,2790_1587 INT POLICE ACAD ORIENTATION RM,2011/7/22,2011/6/22,XX,96X58 SLVR GROMMET EXT FLAG,3,304
837,2790_1587 INT POLICE ACAD ORIENTATION RM,2011/7/22,2011/6/29,XX,4X 36X82.5 MINI BLINDS,8,556
838,2790_1587 INT POLICE ACAD ORIENTATION RM,2011/7/22,2011/6/29,XX,2X 30.75X82.5 MINI BLINDS,4,254
839,2790_1587 INT POLICE ACAD ORIENTATION RM,2011/7/22,2011/6/29,XX,2X 30.5X82.5 MINI BLINDS,4,254
840,2790_1589 INT POLICE ACAD CLASSROOM,2011/7/22,2011/6/30,LP,10X FLAGS/POLE/STNDS/TOPS,20,2259.59
841,2790_1589 INT POLICE ACAD CLASSROOM,2011/7/22,2011/6/30,TAX,10X FLAGS/POLE/STNDS/TOPS,0,203.36
842,2790_1599 EXPENDABLES,2011/5/12,2011/4/28,LP,4X F_STRIPS,8,227.8
843,2790_1599 EXPENDABLES,2011/5/12,2011/4/28,TAX,4X F_STRIPS,0,19.93
844,2790_1599 EXPENDABLES,2011/6/29,2011/6/10,LP,2X HARNESS GRIANGER,8,252.6
845,2790_1599 EXPENDABLES,2011/6/29,2011/6/10,TAX,2X HARNESS GRIANGER,0,22.1
846,2790_1599 EXPENDABLES,2011/6/29,2011/6/10,LP,2X LONYARDS GRAINGER,1,204.4
847,2790_1599 EXPENDABLES,2011/6/29,2011/6/10,TAX,2X LONYARDS GRAINGER,0,18.4
848,2790_1599 EXPENDABLES,2011/6/29,2011/6/15,LP,ROLLING SVC CART GRAINGER,1,262.25
849,2790_1599 EXPENDABLES,2011/6/29,2011/6/15,TAX,ROLLING SVC CART GRAINGER,0,23.6